idx,sha,A,M,D,boot,adds,removes,updates,moves,matched,wall_ms
0,867a8565cf219e79250a3ca9ad77b8a5448694ea,5,0,0,0,0,0,0,0,0,2378.41
1,8a1b0b5d1bf91ba7b4eb74329cecaa6c9e444aed,3,0,0,0,0,0,0,0,0,351.85
2,2f455fd7a327dafa2ed6e2b3cf2957a26015b420,4,29,0,29,385,160,0,185,8499,8863.78
3,a115ca6b076248501230366b641d52f9620508e6,0,1,0,0,28,15,0,21,516,228.66
4,2c6596420664bfdb8a81a2c61ec9c80abbca6f2b,0,4,0,2,411,215,0,31,1113,954.43
5,b4fa117d0f9847afe748bb4aa8077228ee8d0d10,8,7,0,7,31,1,0,33,827,1872.06
6,bb3d18895699d5bdee366d2dabaf40d6f52edc3c,0,1,0,1,1,0,0,3,43,188.13
7,a337a96d4108ae6aebc953bd961c5be4f1444a11,0,1,0,1,10,5,0,0,13,176.54
8,fe7e6a4f00485f08a761c4b64f090d848d6d33c8,0,1,0,1,0,0,0,0,184,234.49
9,4ef2718358b589aee86b14080a1d71a3704ad54a,1,37,0,20,192,51,0,57,10480,6265.99
10,8d2503d5412c3253e329127d06a07f01b6888160,19,20,0,20,2,165,0,0,187,2495.44
11,285bb6adf100200e791fbf8a31ba2339f065eabe,1,1,0,1,6,0,0,4,23,192.89
12,3d9638c710a5b5d966448ee0144e038edb0a0a8e,0,3,0,0,28,5,0,3,2207,872.85
13,08da22a056c1d6adc844277c5d37bbcca51dd157,1,2,0,1,11,0,0,46,1739,852.49
14,c6fd9700c975e737a4dbb30ce5c3317214ae1c12,0,5,0,2,41,9,0,21,3262,1269.84
15,9deab88007ce3f8ef6327bcfd041469905084c23,1,10,0,5,551,23,0,58,2408,1483.52
16,e0dad7f96ec78f0ea36ef8b02561e973af9766cf,0,2,0,1,10,0,0,0,644,338.43
17,10db66a425d2584382e721896e1f9ad0f5ca6876,0,1,0,0,4,0,0,5,544,199.32
18,5ed989f49102b80c501055c38bc2deddb8f720e4,0,4,0,1,51,11,0,37,2381,959.62
19,cca79167c91471e375a7d939a069fc74a78942e1,0,1,0,0,7,0,0,5,548,209.73
20,77f87baf9729a859090fe8aa509cfe9a770c592f,0,2,0,1,5,0,0,0,976,500.19
21,9515401e9627aed7ac8cc0f811a7814085ae9f2a,3,4,0,0,129,22,0,26,2815,1208.34
22,e81e0143c904c30477d773cc85ef840f804ac6c5,17,1,0,1,1,0,0,2,25,1182.86
23,83482ad3c22c607615c9636c79a094b7b6112e22,0,2,0,0,45,0,0,39,929,358.59
24,fff3bfd1d300ca6259031460f12e21980dc75032,0,2,0,1,1,0,0,0,450,372.11
25,33daac7aeca663afb6376878012b92024b41d011,1,2,0,0,8,55,0,0,192,196.61
26,105d1d5958fd75807260db6a1b28951abb74e6c1,0,2,0,1,32,46,0,6,1222,479.73
27,97291b3b1d7949d7a8dae3dc96d315d2f12e1004,1,2,0,2,0,0,0,0,118,255.22
28,2c139ba7b7dd57307b0225bf24c3d5352533a343,1,1,0,1,0,0,0,0,47,225.83
29,96153c157903186cd22071da5722f92fb104f0f2,0,3,0,0,106,0,0,8,1489,643.31
30,7bd771c2640704af2bb24e39e7e7b200e099a2c1,0,3,0,2,53,31,0,0,1292,719.2
31,512234f1aa67c83ad0dd278d1fba4cbedf8feaee,0,2,0,1,2,2,0,2,501,356.99
32,3f8cd90a46433f12c5ec1573e47aef0d3cc8f7ca,0,2,0,0,21,5,0,0,1654,647.97
33,c2f4016d1aa9dfba44b484405a4dd7090165661c,0,2,0,0,4,0,0,6,115,139.07
34,c9f9ae573f316f930bd4e872b968bdb469d561ed,0,11,0,11,61,0,0,23,561,1167.08
35,de722236683714e4dbfdb4e532cfa4f2e666c074,1,5,0,2,13,1,0,33,444,500.97
36,5a698f37f5197089aaf80ed2736f3ede629dec6d,1,7,0,3,106,28,0,31,808,677.42
37,8ed6e34fcbba510566d4c6683042fdf470f9d82d,5,3,0,2,1,205,0,1,65,607.63
38,e71f038263410881a228150cd4c8c7b7715a970f,0,1,0,0,5,0,0,4,1559,707.83
39,9cba15c32e3aa87a75e262c526ffcfe6dec9b031,0,6,0,1,74,17,0,35,492,445.27
40,1c75957e9538b8d3b7c81483c8953146712e90bb,0,2,0,0,0,0,0,0,123,234.48
41,7d70bb32278217e74b1995feb325a242e42bfe26,1,1,0,0,2,2,0,12,1239,553.72
42,10dcb22cad6bc1209f1df3a09c09325d374e088a,0,4,0,0,53,3,0,1,1436,583.6
43,f76ddc07370dc95611acb00b95a58dc6422140bf,0,4,0,1,0,88,0,20,1441,535.23
44,a3e58b09c7e6aefc77b96defefc677b73034a48e,0,1,0,1,1,0,0,2,180,169.71
45,da3afa2d862eaad714113763a2ea9182a8aa2680,0,18,0,7,0,0,0,0,4478,2087.42
46,d803a1b444de8c71a76bb807e7a75c7872e026b6,0,3,0,2,74,37,0,2,1647,776.99
47,c9f5b152f89dbb4ae4f17cf75a3ca2bed925c317,0,1,0,1,2,0,0,2,32,157.91
48,86a9130beb99107f9fe92409ce0e2b20fccd3af6,0,5,0,2,0,0,0,0,483,391.24
49,7ed2c359b89191e1c9fae85b32284ac144effdbb,3,2,0,0,9,0,0,4,2787,1035.51
50,be57e31c975f4936b3631ada5818741c56c25713,1,4,0,0,27,0,0,26,438,309.05
51,7e8367b9bb679b7f282ad60e069bbd413a73b39c,1,2,0,2,23,0,0,0,11,258.46
52,33bd3cd42bb1feb106a5337b055b72a330ffa7f7,0,1,0,1,2,3,0,2,26,157.84
53,24ad5079121694d6d8e794ef19e55a3695ffdcaa,0,2,0,1,9,38,0,0,1568,1055.33
54,a0e38730efd9a061b0a5a801e53fc5e48d65cdcb,0,3,0,1,37,71,0,19,1610,728.28
55,14d82add99a2502700d087803e46a6485bbbbd7e,0,1,0,0,2,0,0,1,882,388.81
56,9f448bf1494ab89fa2d4ad5693c17a92036f74c7,0,3,0,1,20,0,0,18,2143,815.69
57,53edd701072e317fcc6e818613151a5d9bf157bf,0,3,0,0,0,20,0,16,2143,706.28
58,99b5ea2033c2be7b0b1574088b223084b81aa3e2,0,3,0,0,20,0,0,18,2143,756.71
59,5996ca355e13342fa8750f2e9ac0b2812745543a,0,2,0,0,135,72,0,33,287,236.34
60,b31e26fa4af6031bec89cc30bdb881d12cef01df,0,1,0,0,13,0,0,25,130,129.27
61,aa5034c8c22f6b72a5ad56afc774ac2b3f58c231,0,1,0,0,0,0,0,0,294,108.11
62,5dcd15606721c31723c58d58ad7fb0b3f054f535,0,4,0,1,12,0,0,42,1691,598.0
63,7d479ccca81fbe42f0b9a1b5f61ea9cc4d7a7643,0,5,0,4,5,5,0,0,307,468.38
64,6cef49bee1a9863a26edfb4b50ba7d0aff442989,1,1,0,0,0,0,0,0,1571,645.11
65,db08985e6d700183e3b6f77e17c6f448a95952a6,0,8,0,1,24,17,0,23,2781,1909.66
66,55c8097b9e4d9b08c7d85c1cef3abec165873cc4,0,1,0,1,0,4,0,2,52,211.71
67,abf798934ccd7b7cc6c60d4f75e5b90640988977,0,8,0,0,17,24,0,20,2781,1356.8
68,3128b61b572666c2cc53c1e4b01c6b1d2a44258b,3,2,0,2,19,63,0,4,87,510.89
69,7e204a0343860ab79eb5feea1688e106d9cbc5ad,1,1,0,0,0,85,0,0,14,158.71
70,2a10f2291fcd69b16be6c5d33f5e58fba8662013,1,4,0,0,62,0,0,0,245,396.73
71,fdf1f319526fe9919c0beb8fa26333313e663e41,10,17,0,3,404,20,0,50,1207,1807.81
72,812aae6c297ac485bc66b0aa89acfd887265f9c6,0,3,0,0,36,14,0,8,1730,833.96
73,25ae48c44bdb33be100652719373dd302af6d88a,1,5,0,0,33,14,0,57,2085,949.65
74,4aff4be51b2381d89f07c14a04d270203d711b22,0,2,0,0,0,0,0,0,1073,383.81
75,4346af6874783b6abaf5ec1bf912ef22174f6d87,0,1,0,1,7,4,0,2,26,221.42
76,a5b69c246bbc38fb821c452a0979f65d9753c206,0,1,0,1,0,0,0,0,39,128.03
77,85ebc39ab1eac260485c6309826b16a7d4ebc7c9,4,3,0,2,15,129,0,0,126,557.94
78,e92e85e2c2c98a65f5d2bc7cead5d40b282c852d,0,2,0,1,71,67,0,3,74,267.46
79,3ba19f69da71efd44e1847c4e1b959704881b986,2,4,0,2,17,8,0,2,383,523.09
80,da1e8fac7f293b7625efb7de768224d3ccb4fe79,0,1,0,0,3,0,0,3,1235,613.77
81,6932ef968975114265a9805a285230458fbe712c,0,2,0,2,18,1,0,0,140,323.83
82,42f21eb978b54ecc61539becd1b1997d0b5e625e,0,1,0,0,0,0,0,0,77,91.26
83,4c577cac829b51a4245b8bdb0a59ad02f28d3a3b,0,7,0,1,5,1,0,16,839,564.57
84,42ebde54df20879e28278ab4b7624e827ce9db59,0,1,0,0,0,0,0,2,181,132.69
85,f2ecdac924141889a94ddcd485bb4f1f27550a4f,0,5,0,1,71,4,0,3,2505,1310.46
86,9bae2730e37756c9c49c744b052f07ab22ca1d0a,0,7,0,1,200,53,0,13,4578,2012.07
87,28232dce5d28b5cc91632239f96fd211edacc17e,0,1,0,1,0,0,0,0,22,115.24
88,992cb17843dc02fdaa6e23bf089998dbd25afb5d,0,1,0,1,1,10,0,25,187,237.2
89,4fb2a1ff89a0a0f8983f0602f4c8cd7070b81796,0,1,0,0,0,0,0,0,54,111.44
90,f375c2ae89ea8e4b69b59183db44d630766c0587,0,3,0,0,30,0,0,2,1784,810.93
91,23b3def3020f0646149f696c21065b218c6cd7c0,0,4,0,0,70,22,0,32,2520,1063.68
92,331593e67aa74a7c10370f7ddab6a0287e7544da,0,2,0,2,3,0,0,6,181,274.97
93,b4dce177ecf33f22787ff7084a2aab1ae5e2e3c3,0,1,0,0,1,0,0,8,386,140.64
94,f399fbc2bef90092277e38f71645cb29692ae2ed,1,0,0,0,0,0,0,0,0,148.29
95,94e389d56e15bbd1e70951b263f5f50ebfccd6b2,6,4,0,4,4,46,0,2,241,838.58
96,e705a974381a4b46c0b63f203aee4e2677a57703,0,9,0,0,41,13,0,7,5199,1950.73
97,08fb8390aab17bb585675d29fe43979af622afce,0,3,0,2,61,61,0,0,88,306.81
98,75a9a5a3df4c98a2fdacc58ccdef182e7b2c6da4,0,2,0,0,10,0,0,6,1258,537.53
99,301b26dcbee69e4b3ea8ce766745c1011f3d4702,2,3,0,0,4,0,0,1,255,289.67
100,57983e5ac1731efb43eacc5433a1ff240691d9bb,0,1,0,0,1,0,0,1,77,119.43
101,678a39a02564329afefa1c402282544952827b87,2,27,0,14,280,187,0,79,5530,3260.99
102,bcf1ce30d3bcab69ff7e1d8731a9b9031ce3df4e,8,9,0,3,466,370,0,94,2605,1805.6
103,5949dfe2771e30affe149bf62879ee35095e3431,1,12,0,3,64,19,0,1,989,801.65
104,7207b8d75d89a93882866c1a96c823ed7d95c7cf,3,10,0,7,18,1,0,40,3349,1802.9
105,98563a1a73e385821bab4da95831e545e3b984c9,0,5,0,3,28,17,0,5,217,425.57
106,6f92ac3c40dfa3445e998ea5fe29a75697795e98,0,1,0,0,8,2,0,1,210,120.76
107,f106b98f1723d5538236695bdae136a8e577c1c2,1,2,0,0,45,17,0,38,1857,757.33
108,00eebc7808b90b6a2d7fda6398c05e5c14c84af9,0,2,0,0,9,38,0,18,644,206.7
109,e8da2072ec2353104035510dffc602c5cf034b48,0,1,0,1,9,0,0,4,61,166.26
110,432687683e35a7eafac7ad1ee1b884a461e18f6b,0,2,0,1,34,16,0,6,1424,617.68
111,71c6485ffae54edd39576bc31d591b58a548ec39,0,2,0,1,5,4,0,1,106,190.92
112,7846f63d2716678931ae06dafe81b43135141ddb,0,5,0,2,53,137,0,35,2181,1116.16
113,1def1c0d8acd38ac26f4ba64177ef585f360fed7,1,1,0,0,0,2,0,0,15,138.84
114,13fede8e1edc409442289aef4e7c8e319b4e8c1b,15,5,0,3,2,155,0,1,182,1155.23
115,bc62c3adfe2125ba8fded5742f5c5dd85c8c3ea9,1,2,1,0,0,0,0,0,132,222.47
116,ac427b224961ca0142c4553eddc0828e9fda0c7f,0,6,0,2,12,2,0,23,3050,1143.58
117,ab661fc08998f397f4428cd23d6736b85a33436c,0,5,0,0,6,0,0,0,547,317.61
118,34169650316abe025ed7644bdc502fbd45f85d4f,0,2,0,0,4,0,0,17,2222,656.68
119,c12553139e90d11c276f69c4b7e399e589b816f6,0,1,0,0,0,0,0,0,496,151.16
120,c7e05b8e600b66ebe35cf18c22b40c34f6675e13,1,6,0,1,9,1,0,27,2230,1053.63
121,fce903a3f46f7f38de965da2ed0b431a1d5d5b0d,2,2,0,0,1,0,0,0,56,279.52
122,6995f9671fa4568c7ab2549a5278356eab98107d,4,6,1,0,27,235,0,38,2582,1131.07
123,4d4f9dddf0e3766e458c0fa6b896e441616328c0,2,9,0,9,1,0,0,0,243,822.25
124,5d7d933aaaf1d31752a73c228fc7ceb23015e8af,3,4,0,0,14,19,0,3,151,341.04
125,4d63f9f365ce1e3223dd15c344ac2dfc2fb14555,0,2,0,0,12,0,0,3,788,292.31
126,6a7bb3dab015772f8c6c9350d27c34d4fd12b1cd,3,13,0,2,59,4,0,4,327,771.2
127,868d1c2fe5a2c1ae5fa590a945ec4878ff32e717,0,9,0,0,40,8,0,22,3600,1389.37
128,d17a0a1ce6f713b2724bfb2200d449514013bd09,9,8,0,2,129,506,0,8,1562,1499.93
129,a518f99b9a0e35e3363c90e5ae5512cc34ed5ccf,0,1,0,0,3,1,0,2,75,128.09
130,4b1f8bbf44dc8e50ce847dbc8f5de4385fa64e16,0,2,0,0,1,0,0,0,156,144.28
131,000478d87b63deb4231852df2dd0465bd4e0da3d,0,1,0,0,0,0,0,0,157,85.9
132,f645bb5826222adce9591ef1ada066100fbd6658,0,9,2,0,0,1,0,0,243,318.09
133,2f5d3196099f6ba45c6a1b21d7d430c1886b7a88,0,1,0,0,1,0,0,0,74,94.05
134,c21c7fa2fd1bbd9123c6066cf95e323831364189,0,1,0,0,0,0,0,0,63,81.64
135,f2e9cd2382fb01bde8f06660e6749f2baf0daa01,0,9,2,2,40,361,0,106,5252,1946.78
136,b9f9460ff9be39d7192955d8fc1976751b465bc8,0,1,0,1,0,0,0,0,98,168.69
137,b50f9d0deb9687c2ba612b878c7e9c122875a882,13,19,0,6,61,822,0,34,3207,2665.77
138,750034892cb67fa7ab4c1082fafc26dabdf876fc,0,4,6,0,46,4,0,6,241,296.15
139,27c8feb1ee077f91d95473f1d3cebd5a38ef37ca,1,1,0,0,2,0,0,0,3,152.42
140,1d8a1b6ad7859ec91b6b59cb702a91c209e99a67,2,5,0,0,2,0,0,0,166,372.8
141,a747a080f5e37d09d8ae6a4e51c802b5b53e0cec,0,1,0,0,0,31,0,0,150,118.43
142,e24071be0aec7e63a0b73bf01f4bbd9930ece066,1,1,0,1,100,0,0,1,449,516.86
143,77ea34d1cecd8e6ac2fbb548b14febb6bd098e1c,0,6,0,2,65,30,0,0,463,506.51
144,b247d9b37729be45f1502e210cc8c9cdecc3c751,2,2,0,0,2,0,0,3,64,329.25
145,a75c3bb147bd71abe48e381172ca47201fdefe05,0,2,0,1,5,2,0,8,100,250.18
146,254b2c67ad513470141ca2af6eadb9d64bbcb7ec,0,2,0,1,7,0,0,0,285,287.39
147,876cdc77bef59a7912716b14caa3e98744bb5b8f,9,7,0,1,0,0,0,0,2166,1286.67
148,40a040bcbdeb9dd33143d0485b59c565791f4e2c,5,7,0,1,18,32,0,41,677,779.38
149,64408689b93837b3cc98318cb493676cd364ee0e,0,3,0,0,76,4,0,4,435,261.08
150,dd93cf475f26c23191ae1ef042ba5f31754966b7,0,2,0,1,81,70,0,28,306,432.11
151,11ab8910eeae0fdcdc3504f331c8c964b7ec7d6e,0,5,0,1,0,0,0,0,595,498.41
152,86019161c143913777d71ca9595e828dd1d0f376,0,1,0,0,0,3,0,0,37,123.59
153,b4bb7b2a11ab56ed25655b614e030b0e4378a494,0,2,0,2,0,17,0,2,844,764.1
154,cac973adcf2829ba6eec87e8e3b838d80444ed65,0,4,0,0,5,0,0,3,387,284.07
155,4a0f7437fcd24865e6afe1078c962cbfde3f725f,2,11,0,3,2,2,0,2,880,856.89
156,10c7ef09484b2313bf105abadfb726447e512db6,11,21,0,19,177,149,0,87,1722,2396.64
157,e29508668fa74f77d0bcd20071a81987e596f1e4,2,21,0,1,243,142,0,68,4268,1882.74
158,942b34cc27d7a93f7f4c37760c6f96fe8bce460a,12,4,0,1,9,0,0,0,203,920.15
159,75ad1dc5aaf9e120a0d79a938c69a771babeb36a,0,1,0,0,3,0,0,44,587,194.16
160,9da239ff1105647ef8384d63c47dc1b0894763b7,0,1,0,0,4,0,0,0,294,295.58
161,66c131a091a21ad42b8f033a700361ab0c982cd2,0,1,0,0,22,0,0,4,128,144.42
162,c0231817db277406468e8bc2a09ac8ec41d89206,0,6,0,1,5,0,0,6,783,419.57
163,65135f1c26b585807637516614f433b703593f57,0,1,0,0,1,0,0,17,84,94.44
164,6754ae16767848c05ae914832fcb09393636d3a7,0,2,0,0,20,0,0,41,977,315.48
165,dd67efffcc5c888bcabc91977749a27063ed7b9f,4,21,0,0,219,213,0,51,5800,2435.65
166,45ba368ccb8e27001b3abed2b927a4f152890d19,9,0,0,0,0,0,0,0,0,670.38
167,24c31edeeaee6ab1aef205ac0f3890a68cb5544a,24,28,2,3,100,180,0,73,8770,4592.48
168,47f9eff7238d586688e47009ad9b522d29e5ce6c,0,3,0,1,30,0,0,15,308,299.41
169,78e077b37e0b673ea5645e9fa352f30e91778d2d,0,1,0,0,3,0,0,0,609,227.75
170,35ffc805992825628c13d9b9356d370e8117985d,9,15,1,2,57,3,0,60,1412,1317.09
171,f5822bd5c9c1b70e443d98ae82ed00e5c6f6e0c4,1,1,0,0,11,6,0,2,156,153.75
172,3807c0900767aeee8a3427d5cb04c2da33e0e1d6,0,1,0,0,44,18,0,6,594,218.34
173,67e9a5895057ffed605066ced1ea3736577c0a48,0,1,0,0,28,0,0,30,638,308.11
174,a6c22f5efcab7df261ea64ab31b155e52f63fb49,0,1,0,0,3,0,0,16,666,238.3
175,32d4cae39da7c4df7079906e5189755156e4fd53,15,35,0,7,447,823,0,48,7646,4556.81
176,44648a6894dfe51e2004b0cbcef36093867653e9,0,1,0,0,2,0,0,4,669,222.88
177,60493c1535e08af5bb123f49238c964800a415d5,0,1,0,0,0,0,0,0,671,244.38
178,0ba6a9054456beb0f3ae06825d63b92ad24d1700,0,6,0,0,13,14,0,3,2021,962.27
179,6242343b11432762a81756344a50ae35fe73190d,0,1,0,0,24,8,0,3,89,121.14
180,b2d400b3ac92efee364d4a0811ee20fce103e83c,0,1,0,1,14,1,0,0,91,189.73
181,005db2baccbd2658725287283aee782424ba7e6b,0,9,0,0,35,2,0,7,2520,889.52
182,5d1edc0ad4bfa5c291357fbfb22c42f9b2ee6940,16,0,0,0,0,0,0,0,0,958.92
183,c4f49f0d483321f793db361cd5d02ebc55b03900,0,1,0,0,1,0,0,0,131,121.57
184,75552c0c7e1321b0ce45331ccd35960fdad8a929,2,26,0,0,314,170,0,40,4425,2135.36
185,3ed667ec78ec50e7e4af67d805634614bbae93cd,2,2,0,0,21,0,0,0,1544,688.45
186,9ceac60112d5f65507041234ab77885f554b0a49,0,23,1,1,71,355,0,2,524,1027.95
187,e3d206d7a1012976390adbfa92c157bb24c22741,11,36,2,18,23,235,0,0,4287,3519.17
188,5a36a1e2575c8b3df304ac373f53d80948d45e1b,0,27,0,14,0,0,0,0,1223,1510.16
189,6ef2552953322f086fa63a11385c55b36d124d0b,7,10,0,9,25,15,0,0,1666,1575.98
190,d063b3e96a051c7726e63998e6d8a4adddee7311,5,7,0,6,113,35,0,20,430,972.14
191,5fc6492f835636681c51bb7e5c0f3833b69b01e1,0,1,0,0,0,0,0,0,133,88.92
192,da6d5021d97eadbac9d43638f7d5fc3bd828a59c,30,5,0,1,50,0,0,25,3094,2810.62
193,022cb0bbe915a712d31d43a0a496ac5af7ab1d29,0,3,0,0,38,0,0,7,538,261.24
194,116acc63ee5d45dafb9136acaca3b222f270a177,1,3,0,0,11,0,0,0,1484,589.05
195,b2ad8e74199e9f7b4a80d51109e93581be7a20e1,0,7,0,4,35,2,0,74,3071,1329.16
196,cd1df1703d50cb6890ebc92ffd4ae084b46ed832,0,2,0,0,0,0,0,0,130,107.87
197,0307aeb6506e3d3b5f0f4c8a7bbc6a630e7a7212,0,2,0,0,24,10,0,3,272,175.13
198,92065860cad47dec1899c7d48ea64cc0e0ea3f2d,0,5,0,0,252,25,0,15,1673,682.83
199,74eac4e982c7bc77a3e0633cd2cadadbc69e556c,0,1,0,0,0,0,0,0,26,81.54
200,b2e0843dd294684b342f4d27d469e4e8210d18d8,0,2,0,0,16,11,0,1,790,452.93
201,f716774c738acd2ffee65306e1a331911ed1210f,2,11,0,0,0,52,0,3,597,584.14
202,cff4666304be08559d248b2ebb515f37f767bfd8,0,18,0,6,0,0,0,0,1801,1175.32
203,6e518d1cae27ecb9f4c8a3783016c23ba76ff3ad,1,8,0,0,31,0,0,18,3231,1305.64
204,e4475c3370b3954a754f7c2b01dc011bb443fa6b,0,1,0,0,1,0,0,0,1511,657.45
205,d34b8e4f7b66683a7857bf16fb67a8a0f9c67497,0,4,0,0,54,5,0,5,571,300.92
206,a836287f91f251cb2e1b91d76aa4e8f6076b5778,0,2,0,1,26,26,0,17,351,240.93
207,620ad197134c73d9277fe33c5d27803daac52450,0,5,0,0,0,0,0,0,0,256.93
208,4c4df8ba9bf40d1754b3a97623bbdfc9c56b8e3f,0,1,0,0,0,0,0,0,414,136.45
209,6d0990496e3c3d5efb4a122e580470cb292420ef,0,1,0,0,3,0,0,0,104,108.77
210,de9697a4b0b192d656c6e141a5b023293181583c,0,8,1,0,0,31,0,18,3232,989.14
211,0ef25cfa9ddfa78936f71e3939b0a80eabc05514,1,2,0,0,11,0,0,9,402,227.08
212,49dd4038fc066ccaba93a298e2d8a2b4453a3b61,2,50,0,30,112,33,0,24,4547,4134.52
213,6ec9338bf2af0d759a47128f6816b428a1d049d2,0,12,0,0,111,133,0,26,2149,1164.57
214,9ad94bd3147ec5d34a3150ab61f19e72a9e2fdf8,3,8,0,0,46,5,0,50,986,788.67
215,5c15f794d233be753c5cf69f6ae3c0e483749c8b,1,13,0,1,134,0,0,52,5867,2275.14
216,54f22e6189b5e31f17bfba18115608dfce2b836d,0,20,0,0,2,0,0,0,455,1062.79
217,a6d170236d7efef70de96d7d5e2d8c1b72b0995e,1,7,0,0,53,0,0,14,3239,1614.27
218,2ad0774df9c15eb03e3d06770ffb7aeae5f9c323,0,5,0,0,91,50,0,27,377,450.7
219,da47eebb274f52557238e7913b3d352007043fc7,0,1,0,0,0,0,0,0,111,152.73
220,a98327008f5b124724f3577bde06f2b4ddec6a18,0,5,0,0,8,8,0,44,3087,1826.99
221,1bd18c32a5309ab58f971eaee74dc935b59ae9c3,0,1,0,0,2,0,0,0,340,225.75
222,bc553b2fefafb68ebd84258cff6dfee5d9da1c17,0,2,0,1,8,0,0,19,1307,697.17
223,af35dfad4c82911bb0f475258c807b6c2ee12efd,8,18,3,1,18,35,0,13,1351,1483.12
224,966316bd5f575f8ffd6f8cbbe79fb1fb4e6baf32,0,2,0,0,15,7,0,3,1689,787.83
225,1615886bbd9ece187b7754d1a138fb7074a955c8,0,2,0,0,20,10,0,9,390,297.67
226,2c8fc255c217e90a4ca8051cf245ccbf593721bd,0,3,0,0,29,0,0,0,110,229.55
227,6da168c5b17d3fe42df3758c1ab81e95a43b35a7,0,2,0,0,48,0,0,0,1359,602.34
228,9f5a80635524e23fcf84ff0b93e9f77280fcbf3f,0,1,0,0,0,0,0,0,1531,634.1
229,aceac6dd4d030563dae3a326d6fe71113da20288,1,3,0,0,20,15,0,0,223,286.64
230,03f904939c4be9f9fdca551e92c6330cdb41110c,0,1,0,0,2,1,0,1,495,138.26
231,60452f9d0ef0da6ba79aa6b9f000d5b312b3083e,15,1,0,0,7,0,0,1,22,1663.41
232,e3bddd951272a5b7a875f63c5492110890431c2f,1,0,0,0,0,0,0,0,0,110.07
233,c29f362fe847db1b82c9c7e94e23701b22d2d7ae,1,1,0,0,10,0,0,0,596,310.28
234,52e1bcafe88a4460b7d71b59712dbef78076fc2e,0,2,0,0,61,37,0,0,373,196.73
235,1582d3ea89540cd82f05e76e6918b70df10b6a4d,2,8,0,0,72,115,0,8,1974,926.43
236,fca1ffb03358d9234d5e5fa59d91d6f4a816af41,0,3,0,0,24,23,0,2,2778,1066.48
237,dfd41083137ed3c5d07731f642ee7bc60fc697a5,0,2,0,0,28,4,0,16,1579,555.2
238,12556a1f6391d2ab022243a43b088ea389c3311e,3,9,0,0,61,0,0,53,3738,1422.76
239,fa6bd131a22e75753bebcf2ae5ab113d2d593cc4,0,5,0,0,60,7,0,39,908,397.59
240,af6a24d39b297d34a1f6254dfee0abd13935c61e,0,3,0,0,0,0,0,0,311,412.84
241,dc7aa150f504cc1c2738e88325c80dc761f8f51c,0,4,0,1,43,0,0,12,297,322.99
242,94092d644ccb5c266d3dd88dae7fd0317a94e159,0,4,0,0,72,16,0,2,387,303.18
243,c998a879f6d6009879683c7d8be90283bc7e80ad,0,2,0,0,36,0,0,36,1059,369.64
244,d1e8ac2162dadff0f1507362059a2576af96b195,4,4,0,0,89,14,0,2,133,423.77
245,5b4f377df3d0df12d8b6b086ca63a88f7b82ecd4,0,11,0,0,109,39,0,2,2383,999.97
246,8640fe293b5bd2a8d7fd8759a6c2bbbf014044a4,0,4,0,0,33,2,0,21,1951,648.72
247,ee5a009d8b55189c8bc86421c010854a952ff640,0,1,0,0,0,8,0,4,69,114.05
248,38d27bf4f382870c31313f2eb913e78693434aee,0,3,0,0,45,5,0,43,1704,749.41
249,ddc67bf61e875e82b47ffb998172f5062791586d,11,36,2,0,37,98,0,24,2353,2152.83
250,da589c34298a140cea761b17e7c8b3946ae5b97c,0,4,0,0,81,0,0,22,1781,751.38
251,faed4b03cdff6a3dbdef6d125898eb075b6732b3,0,4,0,1,2,0,0,0,626,336.93
252,a000f89cb10b850723faf45f63c7ead28709bc38,0,4,0,0,50,0,0,4,381,258.37
253,fffe4279217ebc8e1c09fc2808765bc65718ab0e,3,0,0,0,0,0,0,0,0,195.97
254,a3955d7f53ba63ef3a18b82a69adf57efb89d019,0,2,0,0,13,0,0,0,1095,372.11
255,c8292dfe4cd59c20ad2e04ed7ffacffd58994e92,0,2,0,0,3,0,0,0,137,159.57
256,983537bddd60b73b135733c479c562a8eb9946fd,0,2,0,0,14,0,0,0,205,174.81
257,d7c166b821a27fee9ffbb16dc17bb0ba92da5829,13,11,0,0,105,239,0,53,1083,1335.36
258,24976c16cf66594723b7812c8d289054d7e7cb43,1,2,0,0,20,1,0,1,90,205.03
259,0c5b41a4c0921d1d92ee7f81d155e314e2b70961,0,1,0,1,0,35,0,0,6,133.79
260,7ac0e520413a7cffaf173e4702258cb0e56ed796,0,1,0,0,0,0,0,0,208,149.44
261,19c13d65600112594af95c16a511488afbe62d1e,0,3,0,0,59,0,0,12,424,239.74
262,4bf54acbcf335ab3bbc1459174e541269dd14460,1,6,0,0,11,3,0,7,2304,899.7
263,11c4d7af4fa691135a3db90ecb9c90290201a788,2,3,0,0,2,0,0,16,2957,1252.69
264,6d08be0790e787c9ed3e6fe18f6dc20a2ba145b7,0,1,0,0,11,0,0,12,131,107.02
265,c502a62dd4034fea3afd4039e059b9fa8403db41,0,8,0,0,76,22,0,10,513,394.0
266,86efba419bf6b2d26ee1ec46179c3158cfbe80a0,0,4,0,0,80,0,0,26,1570,716.86
267,727ef637fc04ec982a41447352e758c5977c418b,0,3,0,0,45,1,0,22,1823,616.78
268,5d38bf0d3d179266f3830106cde44872a5089887,1,4,0,0,22,0,0,20,1824,846.18
269,84efd0d59b4e4f0676a1cda829ff1305bc21ea98,0,1,0,0,1,0,0,2,366,142.35
270,4b81ed51d61fbb767eee440e68c4d017500a0331,5,49,0,7,227,253,0,227,12069,5786.01
271,b5e9805b2b0eeb1101b5e5c2d49b5c988fe2bbfc,0,1,0,0,0,0,0,0,418,135.36
272,3f51c8cdf29bddfe5b57c2cd5f2441ac6c372a04,0,2,0,0,40,12,0,1,422,211.15
273,e6eee6968631a26ceb88ae6b0671a4d724d1c889,2,11,0,0,13,39,0,13,5188,31001.48
274,c125a10835932c9f1dfda1c4e1d216f68791e608,0,3,0,0,70,0,0,1,604,288.63
275,9cb30c8dc2ab5439802bfdbf0c2bf8eb9f753ca3,0,2,0,0,0,14,0,0,205,151.28
276,c41123930e1a64b6c896a3d08aa3671620a5a63a,0,1,0,0,0,0,0,0,228,95.75
277,92de57f44a03c33e5731ae799a8f5b2bb57b98fb,0,1,0,0,0,0,0,0,685,274.55
278,a174277ec3e230535e03ea43b34d823d25df3d40,0,1,0,0,0,0,0,0,110,108.45
279,d20ca8ad1bb23b38529e1133d45df824c71a8f7a,0,1,0,0,17,17,0,0,109,130.29
280,9d77b2a29ed27656e1dd9eea82f869713c8418c0,0,12,0,0,69,1,0,18,2711,1435.4
281,7b347c4a3993946be01d12b6e29c3d0a512c6a8b,1,18,0,1,173,47,0,23,4539,2198.24
282,551cea55a97d6a7a2e55f88118e2303f3677dbdd,0,1,0,1,0,0,0,0,12,233.06
283,44818bdd19d8f20800e1c187b37323a8393c2a05,0,2,0,0,35,0,0,0,317,207.11
284,f65782cf83a1a6f02c3204085f8091bd1093cc11,0,28,0,9,7,94,0,16,1163,1953.37
285,8f9b630db2a2a7250970e2810a49d6bba1d370e0,1,2,0,0,5,0,0,0,75,175.03
286,7bf24a0fd5393fbfae1d2f67468d65d62982b2bb,8,3,0,0,0,46,0,2,100,612.67
287,f4868b86729dfd92e3d81ab1fd3539eca3398e6d,0,11,0,0,76,17,0,25,2596,1020.64
288,459a4f85ba1173210175583aae8e05ea2688ebf4,3,4,0,0,27,0,0,0,363,484.3
289,7a86001fca0a82c462ee665510dde97e03fb759a,1,4,0,0,25,0,0,0,970,453.02
290,c7f96598dd1239244a0e6fe419e50db7c4ca3f09,8,24,0,3,72,23,0,28,3646,2223.38
291,919e180d8242ef696d24f5ff88befabae43487c0,0,5,0,0,113,17,0,18,1903,764.24
292,23a64dc3903378f64ad7fdd99bd69c6b4148b96b,5,8,0,0,58,87,0,18,1709,1074.89
293,868ba619fade1bb6a8d6556ce8e75cb23991579c,0,1,0,0,2,0,0,2,1556,446.37
294,2d8452eb00b4973b8dd59193d39bb5f68fbe82c4,0,24,8,0,23,72,0,26,3646,1392.58
295,087eb48c0c4e0ab0f51e50f607bdeb23914c778d,0,10,0,0,112,16,0,7,6608,1857.95
296,f33fba8564447e5ff75c0acc8403bab02d8538aa,0,1,0,0,5,0,0,0,108,96.43
297,a7d2e34c88bedc52ba2a41c2fa50f2acc271c854,4,12,0,0,19,9,0,27,5210,2127.44
298,c2f3e11399ff6810b16491c01b96dbcb9279eee9,0,3,0,0,10,0,0,12,75,169.32
299,8db3109d7397cfde470bb3438f7aee5252dc6422,0,8,0,0,103,0,0,0,766,450.3
300,fcc42c940f9f5e7c642c162fbc3c1c1d7e98b839,0,9,0,1,0,0,0,0,1086,744.42
301,e6a826e7b300cee46ba6462d88a8a563f1d8afee,0,3,0,0,26,24,0,0,901,633.72
302,70fdf2965493e100705507e96300f5a24d127b8b,0,7,0,0,23,0,0,32,618,381.18
303,d87298b3e727108d85d2aa4fd290edae3e1800c3,0,2,0,0,3,4,0,2,514,201.41
304,d5c585e1b5a9a3b85784eb1ce74185549885ac70,0,8,0,1,86,79,0,8,516,557.06
305,20f000cd3400a7ac617a38acad64cccb79ad9936,1,10,0,0,35,1,0,43,973,583.99
306,a1f87861be398c4d50b2f5e862be97eba8b31f4d,0,5,0,0,43,11,0,45,743,353.68
307,d8c5d36f8370451d163a429d85dffa22bbc8e588,0,1,0,0,22,2,0,47,1557,709.08
308,68b8b8410ef31d403be42fc85714cfa7b4b4d630,0,17,0,0,100,11,0,110,4827,1944.06
309,539604b11e0c63fd9092c23c9086b8d586f2aff4,1,0,0,0,0,0,0,0,0,114.74
310,dd1dd7d405743a2ccb9c752864e3622fcf6e9956,1,2,0,0,65,6,0,35,222,238.89
311,3203563b22115d1b114dee4b02d64b53e8e8b4c6,0,13,2,0,21,3,0,10,5678,1999.6
312,7aa9fd8dea3c6f7a16b4eb8bd7f3dd346164ca0c,2,9,0,0,5,0,0,15,1564,919.83
313,56be7b0a441e3b23b3f1a61c6a7d8ba917171797,1,8,0,0,163,139,0,58,1179,772.79
314,b0e5c27d219b5610a728f6540e20c3d8cc85e394,0,10,0,0,28,29,0,12,3987,1715.67
315,6d34af9cf14157cfcc4cff733b67c328294e592b,0,1,0,0,4,1,0,0,6,94.01
316,4fc4418fc797f14e115f4fe87b2d7d68291d9415,0,2,0,0,0,0,0,0,117,116.97
317,a8a426f4e93923e945b51e1147fe637f0ebd3133,0,7,0,1,36,1,0,44,2218,939.04
318,63516225108dba6556e2bf864ceac4727499cecf,4,0,0,0,0,0,0,0,0,222.78
319,fe89ce4c2c9f7f4c436443cf7f3cf512be579a3f,0,1,0,0,6,0,0,1,302,123.43
320,08b9212fb3c79189c102abcf03fefbf0eeda4db1,0,1,0,0,6,0,0,3,308,363.55
321,8c1ecac88263e8c3d713feb19b10ec9602b9577f,0,6,0,0,20,0,0,34,824,389.61
322,5799b8dab7de22b237ea1af486304066e8abba5c,0,1,0,0,1,0,0,3,73,100.34
323,7340dcae040fe54906c3a7f785608552bf6af2de,0,1,0,0,4,0,0,4,527,153.17
324,58a5373470be13bb8f84f6b642e132d5be1711f8,0,2,0,0,10,8,0,7,1108,423.1
325,73a38cc3eea10d8daaa443a7b7ba90aba01a88ba,0,3,0,0,0,0,0,0,505,226.06
326,6e21a857692541281e58c2920c4e4275b1082027,1,1,0,1,107,0,0,9,466,528.55
327,154d22a5c63d55f6fb7b501c15b69f6e0e95491f,5,12,0,0,53,81,0,30,622,884.51
328,2f152b53fcd2bcf7122a5c3d00b3df508755d9b9,25,9,0,0,174,16,0,17,1174,1868.92
329,87212d3737b61a647c0315adbe5bc57a7df0d375,0,7,0,0,15,8,0,2,2267,916.34
330,edfcb6349817af2a15999ab049460e191756f5e4,3,12,0,1,87,15,0,35,3878,1817.48
331,c4006ed14954b543e6b5ebf94b331978ae9ef42b,2,4,0,0,7,9,0,0,1674,775.75
332,831da664936e23dd0091e3d0ef6e7d74ce99134d,0,3,0,3,58,0,0,0,233,420.99
333,998342e3f86787c71e0a0c3b7c0c20866aac7662,0,1,0,0,2,0,0,0,80,91.32
334,46ccf407638a1a0683a29a3b030e5110659767ca,3,19,0,3,122,5,0,85,7010,2802.25
335,5c5f1b5821d8c31363ac90b9277f538a5e792c16,0,6,0,4,9,4,0,28,1170,726.48
336,4a44c05754a4cccb888373012ab7fe344f3b4139,0,2,0,2,14,6,0,5,526,398.27
337,ccb80f28631a88e7c1b8e82b99a4752cd1ea9bf9,0,2,0,1,38,0,0,4,208,226.8
338,ee436cd7be7bdf9f834547ac679537a62902e5a1,0,2,0,0,0,12,0,0,259,140.82
339,dbdfb28addde96471da13e7b330266a5ffd7af5c,0,1,0,0,6,0,0,1,574,247.27
340,a4038cac9d85c5b8b6db419cba5a23b8b2118e7b,0,8,0,0,127,48,0,2,1058,800.47
341,053bc1bc5f0e594c4bf964e39b6e39077e528883,7,6,0,0,75,112,0,29,335,757.21
342,555f1864c10630ee54432e758afad2c54893776c,0,1,0,0,0,0,0,0,42,98.32
343,116caaa33e915486334c2d81982c0de847581aa2,0,2,0,0,8,29,0,18,663,276.47
344,8d7511ab617c1822256d3b4cd3d12299de3e5f2c,0,8,0,2,37,31,0,3,529,504.76
345,72af08fd40eb035f4dc2dc1447bcac707cd4a8e5,0,11,0,0,107,0,0,12,2377,1108.88
346,90c5a862c26fa23cff6e110b0762ef230540a330,2,11,0,0,43,26,0,28,2466,1332.2
347,0193e2610983fe149e9fabbcee3fac507a46c6d2,0,1,0,0,0,0,0,0,314,115.6
348,90025a12dda3043e3c7e19a563647c49544ecc16,0,7,0,0,83,24,0,4,2257,914.15
349,24c69531636a5dcf466c4387bd0d4e804403d7bb,3,9,0,0,39,4,0,10,899,640.61
350,969ed390284ad1359a7d21248f0bcb099413d7fc,0,5,0,0,19,0,0,5,654,305.84
351,3b5c5a57e2375089f577e34264fd9dbab925930c,0,2,0,0,0,0,0,0,59,148.4
352,93909dc056f810705e864c6268d2fe7e9bb7fc9f,0,1,0,0,5,3,0,0,5,113.15
353,af94c7f991c7ff58ca14558f5d496bc6ddc89c2f,3,9,0,1,123,0,0,30,1026,730.95
354,3c4b2bcaf98b79deccc5ab1d8015a0a50c8112a2,3,14,5,0,28,8,0,13,795,795.74
355,67166032772b591062b187be3e284cc5ed8f2ac2,0,1,0,0,3,2,0,8,77,106.02
356,d5fa3c74e0b86757c523f7e5fa442ba892d3532a,0,9,0,0,23,0,0,0,388,458.58
357,ae260b1571e158d88af8ef7fec0798a852b126ba,2,0,0,0,0,0,0,0,0,295.5
358,5b01627f8ac5c4ee4660891395091bb0a75490b3,0,1,0,0,43,16,0,12,298,164.18
359,c18b978d86f4ebc4fed0bf8e3303912aa0a11e9b,0,8,0,0,8,0,0,16,313,364.94
360,6d8081108e09bbdbd42978a60989cfcc6bf051bb,0,1,0,0,13,5,0,2,260,432.87
361,2e689f75df14a179da3cf77740970104ca97ade7,0,7,0,0,7,0,0,0,577,416.05
362,da855b2bbb28870825f3764157061e003dfe622a,0,4,0,1,26,13,0,17,342,386.01
363,e293d994f6311baedd1b294e0afc50a1faf9a6fc,0,8,0,0,20,15,0,27,380,386.74
364,4989c962ae26d2296eef37a654854d9bd1a3a6b1,0,1,0,0,4,0,0,7,216,119.61
365,9e0bccc821d9bca55b183d54c5953631b9a037df,0,5,0,0,104,21,0,22,1680,771.29
366,980f99bfb7b1c404b6e8346771803e113d16f71d,5,0,0,0,0,0,0,0,0,325.59
367,6fa5f384da36cf2aefea70275a9b4bd76dafa5f5,0,5,0,0,52,0,0,7,264,278.89
368,02267a23c1c1a6b55f1adbab093abe9696879faa,0,1,0,0,0,0,0,0,108,81.58
369,3e3a63f2dcf9a1e319f5d1ddc21e3adb8ed7fb1e,0,3,0,0,0,27,0,1,1501,515.27
370,b2b37a17e5fc5b138c1621dae28dc62740835164,0,3,0,0,17,5,0,14,1879,688.41
371,ba0c800d182b112571473ad2c32be04d3bf64d72,1,0,0,0,0,0,0,0,0,142.03
372,ab83351d5ca3ac34ac60f5e7ddef7dd7609db0b3,0,4,0,0,81,34,0,11,1917,723.53
373,5eeab2318ca95c0b56ab7e97315d8fd26e15bdd1,0,87,0,15,123,81,0,29,11517,5910.31
374,77be52c3293b52e329fd08baee7969b8e27ce943,1,0,0,0,0,0,0,0,0,111.01
375,9228228a0417228fcef52d3d8f4f90775f414532,1,1,0,0,0,0,0,0,1,132.33
376,00a0e45cc674262d30fbd39d718eccbac238fe97,0,1,0,0,15,3,0,2,104,138.04
377,22618e8d96ef8e1c0f6bd27da7b58f96a40ba77d,0,1,0,0,2,2,0,0,179,151.3
378,b449f99184ac0eabd3492bda15cbea9725d7598f,0,4,0,0,7,0,0,5,1922,921.72
379,d67bc7d2c2b6ce8859723459279f95e6ab146e01,1,13,0,1,133,100,0,24,2759,1424.52
380,007f14e45f68d22394c4dc53eb78d12ac3dacf21,0,2,0,0,4,0,0,13,1635,974.17
381,69693b6a8625dba4c783c61e9b49cfd722e1a74e,10,0,0,0,0,0,0,0,0,705.97
382,03b3eaf627a8e981bfc38f243a34386f95b23e0f,0,3,0,0,26,23,0,15,1681,555.36
383,70e033157e7a8f45cfd98f176a770f335e2c1354,37,0,0,0,0,0,0,0,0,2192.28
384,d99106d68aa0629458b1eb44ca1a323614f17a99,0,5,0,0,35,5,0,20,3348,1206.92
385,8722103f2a49eba19e59435e9346a17c440a2347,0,26,0,7,13,22,0,26,5001,2062.95
386,cbc45a164126d1453bd492daa056b417edfffa9c,0,18,0,0,27,5,0,5,2493,983.49
387,f1e1eea8dbf934216f67ce6231ee2c08833285bb,0,1,0,0,1,18,0,4,480,171.76
388,d1d8a003cc8ac70bf48fa49fce288f694d6b7fcc,0,1,0,0,1,0,0,0,105,130.76
389,762cc90518954b203c784ddaa35980d01880e428,0,2,0,0,16,13,0,0,63,129.07
390,ac557915ad5905a424acc9f166bd154fbf3acb5e,1,1,0,0,3,8,0,10,311,199.21
391,661f09463aa06f2e3b808fbc360d35f114b95a44,1,1,0,0,8,10,0,8,1447,655.82
392,2e83d6cbabf63eecfebaa274c3c95a6fdca4b58a,0,4,0,0,56,4,0,14,1771,766.9
393,e565eb03227b62b341486db1485b18c11ef37c8c,0,2,0,0,90,56,0,9,162,160.56
394,c22c13890e8bc6ab85a578b068cd1a51bda808f4,0,31,0,4,67,0,0,0,3161,1646.49
395,7eec88e1dd6998e6c6c5efbcab1d3177f6402e6f,0,2,0,0,52,0,0,1,1385,596.4
396,69c857dcf8151f9d10c2d22a437f362173356361,1,1,0,0,1,0,0,0,29,159.19
397,d62d9c2a909f2504ef100964fc6d24060a535a67,0,1,0,0,5,0,0,7,481,138.04
398,2fb120dd1326b2b28c346f36d6097ee1dbe22d68,0,1,0,0,2,0,0,39,122,137.47
399,64652b9dc2a48121ed61b8914d83e1a742aaf35d,0,1,0,0,32,0,0,27,1628,710.02
400,b84b662b201af422cf3f3e1ebd2bca0b852d79bb,0,1,0,0,20,1,0,15,1327,881.9
401,26e296cb8886e946f612513bb03c41e4b3ac8d04,0,2,0,0,20,9,0,5,534,275.44
402,ee7909fb0ae7a302aa1c17a8fe5be56c1a2f1a41,0,2,0,0,23,0,0,26,679,272.34
403,1b1e7739581ec63ad5d891850b399f0167609fb8,28,1,0,0,4,0,0,0,282,1548.65
404,e60e8ba5419c3373b87296e54e3fea723016c35f,0,1,0,0,2,0,0,4,310,127.66
405,c690f8483e9adb7bde4ac37df9409ea532a47fa3,1,0,0,0,0,0,0,0,0,135.52
406,1a84d983db2623af64c7d1b4c2cfcff276873609,0,2,0,0,0,1,0,5,404,158.89
407,233e0cf13e3d49ca0174046dcfaa0117a0be10eb,1,10,0,0,27,17,0,130,964,642.83
408,b29427f110d832b4e1c00121e3577ebb4822e3d2,1,3,0,2,33,5,0,0,173,319.53
409,33577cb7297279e8b9dcbf54d9f96e261b805954,0,2,0,1,12,0,0,2,230,227.07
410,28c127fa40f0ca40660c5a78fe989201260b3161,0,1,0,1,1,0,0,6,103,154.48
411,7e60a6d2b6a650fd07ad254b8c021f280de0f1f6,0,1,0,1,0,2,0,2,16,139.93
412,1978b6d58bcd7f9b021e799ec7ae0df3f850aede,1,27,0,0,90,41,0,54,7824,3109.46
413,87fe829b7bd7bc087cff6533d191221c7581a611,11,15,0,0,195,204,0,42,746,1403.78
414,ae513cc4179a6c4c5bceb387ae0e9104f6093530,0,7,0,0,93,49,0,8,1869,915.03
415,be56e54c46ee7afdceaf79349f5469a409f60306,0,3,0,0,12,2,0,3,816,296.18
416,aaeab860d4fb9cb6e40753e8daec6e8c1e103a95,0,3,0,0,1,0,0,18,3160,1075.38
417,1d07e7d773ca5c045b2065af8d1562530e8ff8e1,2,6,0,0,91,32,0,10,499,468.22
418,9e97c20796f6e9aa80f12774867e25232fd59c21,0,3,0,0,45,36,0,5,98,209.07
419,77e448d3c4e11b7321350855beb0808e52d8867a,0,1,0,0,1,0,0,2,98,97.97
420,b2414079831a0e3de5153512b03eb114245e128c,0,1,0,0,5,0,0,3,219,385.71
421,cdd3c9e7a8a586abb3b8999c0dab24c5ff44e4eb,0,4,0,0,16,0,0,8,691,323.6
422,989cdc2b92a5039584facb3e773d01e82bbeac5c,2,0,0,0,0,0,0,0,0,146.54
423,a4adc90d422e603df6488f8dc851f7f25766ec3e,0,1,0,0,3,0,0,0,246,115.06
424,16359f6a10a89101554d7a12e3fcc2cbb282c52f,0,3,0,0,18,9,0,0,40,204.22
425,6846172192d8280a69260be4eb620bb4196b77e4,0,6,0,0,40,1,0,9,693,399.93
426,2bb786350f48ec9477295e0499deec14c64894be,0,2,0,0,25,9,0,10,1447,569.05
427,a8c5b1f9295d62183a68f312d92cf7ff09ae3268,4,0,0,0,0,0,0,0,0,253.88
428,5042f8624bb3f4c15832dc7861c958eee28ae217,0,1,0,0,17,2,0,0,12,107.5
429,636c868c4d9c6e3486e805091b065fa6640a12cd,0,3,0,1,3,1,0,4,1800,728.09
430,d5c8fa7cb1d119ae46a9a105fa916665678ad4c0,1,5,0,1,0,0,0,0,99,308.21
431,a0ae5112afb235059bec6a0f0e86c6e6d8e4c3b2,3,40,2,2,484,428,0,139,8642,3957.66
432,0b0cb05397c35ac248d51bfd9dcd8716d0f91904,0,2,0,2,2,0,0,9,124,319.54
433,f66ecde0b7f3bc5f3c0f1597908debf903eaef33,0,3,0,0,55,0,0,4,729,318.61
434,58ee62d7b872109340bc4a0208f875481c1d299b,0,1,0,0,3,0,0,0,154,134.13
435,cccda89c2868c775eb6e1f1e6b80541ed2579c4f,0,6,0,0,28,10,0,16,242,325.75
436,a860b24cdd3a0df9f636cddc3700a04abc41d991,0,1,0,0,1,0,0,0,136,112.67
437,732871392447f5433eac889bdfb83da4d527c374,0,2,0,1,24,0,0,9,720,330.41
438,619d562887608cd0c145a785827dcdc1d2ed74bc,0,2,0,0,42,4,0,5,289,214.38
439,328447d1c4bd2f0f51dc361a09c94f40b6df32a9,6,5,0,1,259,283,0,126,800,881.08
440,94dc7030f413f83f1a99fb7f78a78fac022711de,0,1,0,0,0,5,0,0,1346,831.57
441,1c05f3d33cef741152b49984644c8012d3b68c26,0,2,0,0,11,0,0,0,623,285.01
442,e22c6d0e8bdef2e2dab64953bd0c009691416c46,5,0,0,0,0,0,0,0,0,371.89
443,947249c8b8f9cf9045bd8c9624f5fb2e4f24e539,0,0,0,0,0,0,0,0,0,48.88
444,6ddeca459db042bb95ef732418d2ba4d86ed3f01,1,4,0,0,47,0,0,3,678,454.84
445,68341edacbed0562a0cef37d6ed8c9da41ad1462,0,2,0,0,43,12,0,4,357,189.59
446,bc01f5776c407ca7003486d60ad1b90b6a1be675,1,0,0,0,0,0,0,0,0,110.39
447,6e181f7d0d398786bd7db6ae84957f85147794ca,2,6,0,4,58,41,0,55,865,726.71
448,6a87a1d781c21aa6bc132d9cfdd06a43804a8d6b,0,1,0,0,1,0,0,0,219,113.02
449,72b5c260ca3e366b0d3eb31dd5477a986388b017,2,9,0,1,76,36,0,57,1565,867.66
450,dc0a8497e9073732de2d70fea437eb96a0bbd735,0,1,0,0,0,1,0,5,79,109.04
451,7259ae83a2e98a731c5685a4899a3a991a76c5d3,0,2,0,0,8,7,0,2,565,225.9
452,ec8edda21ae051f57db18e236af83f264527c4dc,0,1,0,0,4,0,0,0,471,170.14
453,cf5819f7681b07c5a36556c55ae9e94b8ae52114,1,11,0,0,28,3,0,2,1579,867.19
454,b5a027107a37eb89a27074306849f67f11221a62,0,2,0,0,4,0,0,0,136,130.17
455,305c47524e06ab748620c92381d0be2b2bff56ec,0,4,0,0,65,23,0,10,879,333.12
456,93c866ca523cb8dc2efc827db9d15c7fde3bb147,4,19,0,1,320,64,0,106,2487,1693.75
457,7e92b53d52f88da861e9077cf7a2230c65115e99,0,2,0,0,46,64,0,25,352,205.77
458,2fb1b348bc8add1017389dc514cbfbd24957f8ee,0,3,0,0,79,13,0,0,454,292.67
459,372be09b06afdebb05dbf3a4b886f5799702c950,2,7,0,0,530,398,0,10,887,892.41
460,3042199d0fea1ff29dba6ab1c09c6a5e1d4f22aa,0,2,0,0,87,7,0,13,1632,1000.46
461,938a355a3fe8970b17d5ceef8145909813aba82b,0,1,0,1,1,0,0,0,93,216.89
462,a9409497dd848e133854117a0fb754832adedd61,0,1,0,0,8,0,0,7,75,129.73
463,078b111927412f43a7b80a19bf369411459481bd,1,1,0,0,1,0,0,0,229,170.73
464,acb9b34452bac566cbf5d70ba240ba8b132dc60a,0,10,0,0,1,0,0,31,5035,1951.69
465,1ccc840ffc50a1a1198541f748eb087f6b838859,0,10,0,2,28,4,0,24,2996,1580.89
466,08d9aa50ca7e081f96861c926410044958b9b7f3,0,2,0,0,13,1,0,26,1676,731.06
467,c2241d813b667aece4fe95435032384cef51d50d,0,2,0,0,13,0,0,13,1745,691.85
468,7d62155178963fb2e3865763496a4de022a7f018,0,1,0,0,3,0,0,2,226,139.2
469,917afd5fac044fff1832aab2a6b96b425bbf6c53,0,1,0,0,31,17,0,0,3,139.6
470,21f004dd45b9ed87382b547354b99d1ff675f06e,0,2,0,0,53,3,0,15,134,239.2
471,94b7dbdb35d84eb19b84ef3922e8d9cdaad8f437,0,9,0,2,133,2,0,16,1409,747.01
472,b487b579983f64c72dbe70a7f3312952e872fca1,0,1,0,0,3,0,0,2,36,131.65
473,124fbaf900d4f4996996a2d56eb064d1d6b2777a,1,2,0,0,3,1,0,12,1604,908.06
474,958036b4329b035c464d1cdd4eadb4c5d7f22af5,0,5,0,0,8,6,0,6,4035,1433.5
475,8cfd1ff8b7c83fab61ff8cfdb0131c6625d18c87,0,1,0,0,43,0,0,0,11,155.9
476,3e454af064f616b9825f3d51eb30a0553d47ab87,0,1,0,0,1,0,0,0,103,96.72
477,73e644bf737eb54154d99ba9ff7ab31df3310879,0,3,0,0,8,0,0,9,3453,1264.66
478,11d30e6a41444874226f6c0e8fb617a13dc9d201,0,2,0,0,74,38,0,24,295,268.38
479,1e629eec78c237ba642a5ebe8d7b5167d629821f,0,4,0,0,18,0,0,26,751,312.09
480,223f6511189caa11b08d68e85401668a2c00602a,0,1,0,1,81,32,0,2,12,428.62
481,1c8713500fb420276d548b3c5f303a2d13e6e634,0,1,0,1,0,0,0,0,207,225.58
482,a3fd92f1830914cc58b02a4ab67c732f0af7bdfb,1,2,0,1,15,0,0,8,80,248.85
483,aa925e58a64422a89311e9f7334a002de66687e0,0,1,0,0,24,0,0,0,95,100.13
484,4573205df65406fa249a046df3d16a232a006e05,1,0,0,0,0,0,0,0,0,193.42
485,6903efb3cff6b31eaad118e6a742c8c7282fab75,0,1,0,0,0,0,0,0,229,124.64
486,77995526f300f4358b058409281ed189c4583122,0,1,0,0,1,0,0,0,197,135.75
487,e4577cfe33e278529d39cf7db3dd1310412ca187,0,9,0,0,15,0,0,15,1683,777.75
488,97186f30daf0f04718bc1a144960fa7aec260db6,0,4,0,1,118,2,0,10,342,306.88
489,e54c176d7085841463a892f8052f5b707fe60df1,0,1,0,0,0,0,0,0,339,104.66
490,956e3478109818b313a13a1f8d2676a271cf552f,0,3,0,0,13,1,0,0,205,235.15
491,6a86630cce9e7c919efa259c1f0da5fab1e80fd4,0,2,0,0,41,32,0,1,377,197.55
492,65c5c54c9f006d8b176193ea8fc059b50fcb434a,0,1,0,0,0,0,0,0,220,124.73
493,10830fe8e710fa0490f6d6e9256010370c0a3036,0,1,0,0,1,0,0,0,125,118.27
494,1fc7e46165c0aab120ae0a24940b278bde7a23b3,0,1,0,0,16,0,0,0,34,99.15
495,bf715529ca30afa230ec0aa21c43680169b0becd,0,1,0,0,3,0,0,6,189,124.87
496,dc7edd675ca3c0df7a98167ed7792257411ec15f,0,10,0,0,9,10,0,10,2812,1120.85
497,5d9d2308691fd334bd8fe6bc6a3605ea4d0441ce,0,1,0,0,0,0,0,0,50,109.89
498,45a0ae23b232c22ba9bf76c850219710211cc2c7,0,1,0,0,2,0,0,2,123,127.71
499,ac3445f84c3699f5032374587c3c80087b598e0f,3,1,0,1,20,4,0,0,21,265.15
500,71125d02688bda7b17f5038d521a412bf070c810,0,2,0,0,35,0,0,73,242,388.5
501,6eded0802b261d575ec1469bdbc227fb6e0d6c22,0,8,0,0,91,38,0,45,1928,771.78
502,99d1463462f73e416ff54ad47d936ff9d76d1cca,0,2,0,0,68,27,0,3,237,256.72
503,698f370d0fa3b7e7551e4a9114377da27a5c7728,0,2,0,0,10,0,0,2,1400,559.5
504,32515c61f3ff0eb365473c6416c4b999a30260a3,0,1,0,1,0,0,0,0,0,210.85
505,a2ede2841dc490954abfbd1675a82ba808f30130,1,7,0,0,56,124,0,0,771,580.93
506,b8c0fd7356c10a4978601a5ee99adfb13bb8cf67,0,2,0,0,0,0,0,0,3024,1197.72
507,8a2b40d0726215e48b53ab22382dd49379c36249,4,13,0,13,54,59,0,27,1716,3786.34
508,3c64d1a43beccdb53685532d3a6c71916ffe4649,0,1,0,0,0,0,0,2,312,186.2
509,1237d8bb9401183442f6af4afe466c833e4ea46d,0,9,0,0,0,0,0,0,666,669.55
510,b22c865b4ea8e0bf8db2ee1cc4191d1f27702766,2,2,0,0,7,0,0,1,1672,1001.06
511,584c47d209b03d598b1093c1f45b27942af7edd6,1,2,0,0,17,0,0,29,1678,1061.87
512,1da09bf3fef0ea0ef1000ae665819c4557b96e86,0,1,0,0,0,0,0,0,213,103.82
513,ac3b891cdbfd60e413246150fb3c35b65ec236ce,0,1,0,0,0,0,0,0,1695,612.4
514,6391d699bc74556c77c02a0b9fbcb0322c5bf630,0,2,0,0,12,0,0,2,126,309.0
515,e23e10fb64c0ddbb1f4df25798d4da94d26d7757,0,2,0,0,13,2,0,9,256,249.49
516,921c7920150466cb545dca153e05f0edeacd3754,0,1,0,0,51,47,0,6,249,226.94
517,ca2aba025bce889a417972539448ef1806cb1e98,0,1,0,0,3,0,0,0,1695,748.16
518,4a4b12e629d09c8a8ce3b62cac5c958f4e55c798,1,21,0,2,71,1,0,23,2262,1627.5
519,3a51ddbc3fb7e801f7873234dfa41b50c8e8a19a,0,2,0,0,26,0,0,0,481,232.59
520,64b55c391e197a8a72d40da7be50fdcb9f8748b9,0,3,0,0,44,3,0,6,504,753.06
521,2c80616ea8adcfe3e2db598eb6991d84e0dcfbc3,1,4,0,0,3,0,0,1,564,498.5
522,50bccf03a41cc442941aef04ca099144b992c0f5,4,11,0,2,128,17,0,42,909,1794.8
523,089889e92396b33ac0d9867c0a7cbb5837a5dbed,18,0,0,0,0,0,0,0,0,1724.26
524,bc9ce453d3ede02cbabf24d0af3300c66aeb490f,0,10,0,2,122,83,0,81,1394,661.62
525,90df0cbc1019fe2fd765154e6e279b55e80a738f,0,9,0,0,40,2,0,0,4112,1666.83
526,76d18397eeafb47d128604f8bc8a4aef0fbced7a,5,2,0,0,48,0,0,0,100,463.26
527,bb478c1caabec6c8dfb76710beb1ecde9e3d017e,0,3,0,0,61,0,0,2,585,355.14
528,db4cbf101d2df57027187f0df5e24e4ae5d5f41b,0,1,0,0,26,0,0,1,97,143.79
529,9ca11d49efcba6fa52f66c6b879330cd7dcae8a8,1,0,0,0,0,0,0,0,0,138.45
530,eabe26fb82433e2d21d82af4b0ab62c49e9f2089,8,5,0,0,75,0,0,0,403,639.85
531,307cb5b316e10defdbbc228d8cdcdb627191ea15,0,0,32,0,0,0,0,0,0,301.0
532,87fee9cb2a3e0e78653bde323e3d383d869a1b68,0,2,0,2,0,0,0,0,416,341.88
533,3fd40ae8d0b45d7bf6186fe14851ca87eb9ee3ef,5,5,0,5,94,0,0,9,440,972.49
534,a732ab38047299c545cfc978e25f6b2871b5a4b3,2,4,0,2,28,0,0,1,350,505.74
535,d09e2475b61bae3d446be2ed89109106707aac25,0,1,0,0,0,0,0,0,251,128.54
536,61fa4153dc859e19529aea8f24762f6ea2dd2ee2,4,0,0,0,0,0,0,0,0,368.4
537,787dcfb8cd6e1f30a2a508b052e9d31f314b2169,4,6,0,5,35,3,0,7,655,895.67
538,fd5a762df0ec42a1ffae2990f26864c70ceefd66,3,2,0,2,12,10,0,2,62,442.5
539,f57eaf39898b36f4d0f711485003298b857de5f7,0,5,0,5,5,0,0,1,381,555.68
540,e2a53a37dd232f0451097fabe9b1f89f523f5a92,0,5,0,4,6,0,0,3,814,985.38
541,4796e1adcb912005198c9003305c97cf3a8b523e,0,12,0,12,146,9,0,25,2033,1994.68
542,4ea4eeca75b3fcb48d5d8392aea24a98969802ec,2,0,0,0,0,0,0,0,0,166.7
543,f5690f57ed4dc702f4aa7a24c0f6253894a301a7,0,1,0,1,0,0,0,0,213,210.02
544,e8f12457c145da7c7d2de173eb1f0beed3c5676f,1,2,0,2,8,0,0,13,83,311.97
545,7e18c90d396e51b2dbf9f647822dc233c73518fc,0,4,0,3,16,0,0,13,417,579.95
546,703b5f412c884676335628cd5dd1149d2000606d,1,0,0,0,0,0,0,0,0,191.86
547,2d653c994c084bab4d659e089f22d0d861c91640,0,4,0,3,0,0,0,0,435,466.42
548,5b7c0b6a451be1df2ae772aa5089a01fcef20dac,0,1,0,0,0,0,0,0,165,111.04
549,a9a4f25762bb663b9d8d0e2cb5c46168031a03c5,1,0,0,0,0,0,0,0,0,122.95
550,ded6f225a55517deedc2bd502f2b68f1ca2ddee8,1,21,0,13,37,15,0,10,4711,3665.92
551,989c5e90a58d06320e70d7746a97d9a8376c49e3,6,18,0,17,139,2,0,12,3225,3302.22
552,2cd4c6ad6df1fedd5d781c049e601f0c5cd56f6f,0,2,0,2,27,0,0,2,137,397.53
553,a464402cb806da4b12c34d5f83d3e43f2c2b5429,0,2,0,0,23,0,0,3,143,174.55
554,cb98b81851184e1ae35b65c00386806147005338,0,1,0,1,3,0,0,2,88,194.21
555,7c8fcbecf14b2e24d54ccb276bb684fdbe62b669,0,12,0,12,10,0,0,13,1702,1826.05
556,8c8f3b77822b4919a102964ea3cc834c818e4b52,0,4,0,4,0,0,0,0,104,423.85
557,8af5c4b24aae932ecc8f09e72fdc7dc8307b6cc5,6,7,0,7,12,8,0,3,614,9666.01
558,1dd113b24ae385896ff474860d364a071a4add7e,1,6,0,6,6,0,0,0,466,683.35
559,00d2263908230e2e69de477b4f4347adc2194a8b,0,9,0,9,0,0,0,0,0,696.88
560,fb6ecb9b27798a923ca290ba5d23368e3a820a6c,0,20,0,19,0,0,0,0,1336,2271.34
561,c2b851b0f2084dea55937b68b2767959f29f0247,0,46,0,35,0,0,0,0,0,2557.12
562,ade0f0560f729e50382c6992f713f29e2dd5b270,1,20,0,19,105,3,0,8,1880,2539.36
563,b9a5fd51904a074a7a33f38266378f0f6f97b531,0,5,0,3,79,0,0,2,673,915.57
564,a9bf33445e950ae62c16ccc09521fb15e1521faf,0,3,0,3,36,43,0,10,188,465.25
565,07c5741c9a5ebec78a0db046e7fefcae2ca4b6af,0,18,0,18,13,16,0,0,1862,1993.44
566,6bdf5746d5d677f9c17598768c4ae86384c000c6,0,12,0,10,50,0,0,2,1118,1450.84
567,6b608aad7d52b524fa94955a538e8b3524d42d93,1,10,0,6,49,1,0,3,1293,1126.4
568,f560a1066f8906862000c9b9d8c4e09bb10ea6a8,0,1,0,1,0,0,0,0,100,178.11
569,03c1015d6ea92c782e9ad78794cf1e9640f71040,0,3,0,1,11,0,0,9,1148,763.48
570,d51078eb7edf4d28069163bad30d28e35c5e166e,0,2,0,1,2,0,0,4,172,244.5
571,cdfabf5ae289836968b3d296668593b9500b6f26,0,10,0,7,40,0,0,27,1003,1371.65
572,8815bdf30461b429939410960cd4d05bbbe22cc5,4,0,0,0,0,0,0,0,0,470.1
573,0ecba04727b5c31182d29511646c8d3e6441300f,0,1,0,0,1,0,0,2,195,188.05
574,1f46b991da9b91585608a0babd3eda39485dce09,1,20,1,6,15,10,0,19,2455,2133.53
575,6b6ef7b8e35af9bd325f6ff670cdbd0fb1265c7d,0,2,0,0,4,0,0,0,98,205.88
576,b3c9c3c182f1fead0f47ef560e90fcc86042ea7f,7,13,0,12,35,2,0,0,347,1564.82
577,035937bee8ef57bc24b08068e7375ac45413a349,0,3,0,2,36,1,0,0,220,367.75
578,a0ef2d7503669fe7fbbe0206ef0a41315925c150,1,1,0,1,1,0,0,2,143,331.85
579,71e05154330c084310b6e32bfd6397c29b4e0534,0,1,0,0,5,0,0,1,118,197.5
580,85e17fd2dff95ebfcc9bb9967cc84371163c7cd8,0,2,0,2,203,3,0,0,0,721.35
581,fbf0035ee60aea7209725fdf42710c64bd910982,0,3,0,1,0,0,0,0,176,294.72
582,8fb67650b146573c20ae010e28b1eca6e16433b3,1,12,0,9,246,75,0,16,1053,1540.53
583,817ead65b99f465fc2dfa18072cf23cadf5f05d0,1,33,0,23,56,108,0,13,2919,3116.07
584,6b2f2efe4de4e709a2b9c64b7b3b3138e1939668,0,10,0,4,32,10,0,12,688,861.6
585,be32d25c546a7d4f98604e142940c483213b485b,2,7,0,3,30,0,0,12,664,782.1
586,1c019512644cbd01fda43366db727887efb5ae7f,4,0,0,0,0,0,0,0,0,330.56
587,6165875dc6bf67d72fc3ce1d96dfc80ba312d4a1,0,68,0,40,67,129,0,35,3990,4809.61
588,53f921418d25cb232c7a0e1fa24c17bda729ac35,0,4,0,1,19,0,0,0,678,392.66
589,88ff272cfd2544a8436b2e7bdbf783ed425725d4,0,1,0,0,0,4,0,0,35,145.59
590,a3e8f6836b489f8f2ddd785ae038df729c85059f,4,16,0,2,42,76,0,7,1529,1145.6
591,88b82a0f6687ce103817fbb460fd30d870f717a0,0,20,0,6,78,303,0,20,1628,1520.04
592,4ba2acf3363bdfd7fcdd9de496cd57f8af6f03ad,1,5,0,3,17,9,0,5,363,608.79
593,5183e881097b37b723f07f4d6af06721a326bea1,0,3,0,0,36,4,0,6,837,417.18
594,d9ba4670ed0134816d5d063d48394e31b51c3b35,0,18,0,7,187,3,0,20,1394,1367.58
595,e1acb1222dd6fdb8fa688c815cbca6ae4193745d,0,17,0,14,9,3,0,3,2601,2172.77
596,61900651b1b85cf235e01142acf2a51727fc5537,0,7,0,3,82,36,0,4,671,717.22
597,34d3936bcd5ae705da9ec42a6c4f00f0eedbba3e,2,15,0,10,146,46,0,3,278,1223.06
598,29552eeb36dd8a9246fb648d65b5cfb94ae46d77,1,2,0,1,20,0,0,26,142,297.0
599,2e61ed306f1d525096a800f28546601ef585a832,1,1,0,0,0,0,0,0,25,155.19
600,b7660f2bc9ba031dde5e8e82c1c2573a2912d114,1,5,0,1,5,2,0,0,131,936.16
601,482d840bcf3e8332e513bcea61f6d4ea7ee8579d,0,6,0,1,4,0,0,6,503,524.86
602,bbfd81503cfd98aaeb0334ba356076bfdf6bbd9f,0,8,0,2,13,0,0,0,350,473.9
603,f0fedda8eff23d012c385675c728705e2c479363,0,5,0,0,1,1,0,3,213,277.4
604,b8e8b8da75baf62ac7465e64acf17f280475bb20,0,1,0,1,3,0,0,2,517,392.69
605,339b85b88ead760c6d4dc0f63a72780d6d5df8c2,0,3,0,1,39,0,0,4,800,476.97
606,0e870d7d18900058bfff720ff3b9e3a4a6078e9c,0,2,0,0,3,0,0,2,156,207.28
607,af61f4ae15adf3bf6c863945f8c8e3ea7b12320c,2,3,0,2,19,16,0,3,77,404.85
608,3557202a92ff9efcd34dbe60ed31d75a4a33326e,0,4,0,4,5,0,0,0,302,812.47
609,4806d7ba74c668817ea6f35421c559eaf57a997e,0,3,0,0,0,0,0,2,163,229.25
610,c285cf3114ab970bf6ae7f0e5eec993feff9d4c8,0,2,0,1,11,0,0,5,123,265.65
611,a5c9ede1433871fcf4e2e802ee2a65950ecd1e72,2,23,0,4,51,2,0,5,1789,1480.07
612,c9a7d3dbf902244902b636bf566154c09ecd1116,0,4,0,0,6,6,0,4,809,341.95
613,1e6dfa7472ad78a252d05c8ebffe086d938b61fa,0,9,0,1,20,13,0,3,1565,750.74
614,81926396f69c36bc2420841d2b1fed69d78934ad,0,1,0,0,9,2,0,1,7,171.58
615,70388cffe0f91f02d7bca4fed726b228710adaa6,0,1,0,0,1,0,0,0,9,129.79
616,17da0bdb279d30a0b1ded402de52d10b40bbf2d7,0,3,0,1,55,0,0,1,303,340.67
617,0d2bb0623696c2cc822cb44e431345b2c773dbff,4,14,2,2,107,35,0,5,949,1062.09
618,5f6adcf396b78934d7da2bba0d052038ff962f26,1,9,0,2,0,0,0,0,485,637.8
619,eda0ad4fd0a42e40e6013c747c350a8e078d342f,4,10,2,0,28,18,0,0,578,782.91
620,cc42ccf02acca7b5a971fa5ca0986e075169fc8c,1,1,0,1,0,0,0,0,13,801.94
621,44090734c9fb06b86941b4550fcecb5d5820f693,0,2,0,1,0,0,0,0,32,233.94
622,71886657f89f64b289c6f426bd9f557ed0e53590,3,14,0,3,64,0,0,11,353,900.51
623,0b3c654d83c5e73fe946de194f3aea0a9fe06f5a,0,10,0,1,40,12,0,25,1466,774.71
624,063e33a862f99ce93b8399924c35d39ccd880f01,2,40,1,14,117,39,0,4,2101,2937.47
625,dcf9d475e0de05a2e1a7fe9239034c0a6d8a9456,1,10,0,2,14,7,0,4,1288,941.76
626,fad230a49d0d4cdbb2062b10c3dea6c755737db5,4,0,0,0,0,0,0,0,0,510.6
627,12743d2169f5a24a9b3be07c9e9dcc3f2f1001f0,0,16,0,2,8,12,0,7,1521,1062.35
628,4f97e37648a2e70eb87346d88261fb042142bf9a,1,0,0,0,0,0,0,0,0,157.16
629,e979a3ddb17f32582e36cdc9b826f06c80c473f2,1,1,0,0,5,2,0,1,169,194.73
630,66137cf17cb4abccd6065819d97edc63c6510477,0,22,0,3,10,39,0,18,1771,1407.51
631,f24dcb3449c77da665058427bc7fa480cad507fc,0,8,0,1,50,0,0,36,1593,776.37
632,f29bfa0e0e88de49f1558138eeaba1396fa5a1d2,1,3,0,2,38,0,0,1,72,379.4
633,9a4e890f4aadc921fa468fd1292d215704429b61,4,11,0,2,40,5,0,8,478,874.15
634,c1c0e8c9eaa12043faad985ac5d7e1b5949544cd,0,6,0,6,42,0,0,1,411,697.3
635,b8102dbdf8b4dc2e99bc7c58f4085a7313830a2d,0,3,0,0,14,0,0,4,864,420.38
636,a56f3931d1003ee3423cdd6d7d0c75c551dfc4bf,0,1,0,0,1,0,0,1,119,160.66
637,fa2529c9317b2f27dec16411b99f296904ea095d,0,1,0,0,15,12,0,6,162,131.51
638,02a81203bd0ff6116e3c68d376b3af3838231986,1,8,0,1,35,8,0,26,804,720.44
639,6b343adfe880c7e9e2f441fd889cf16a8657c335,1,3,0,1,9,0,0,0,238,359.59
640,047b175aac0c8431d3d1f31665b9f8c4569e6c64,1,1,0,1,1,6,0,0,64,929.78
641,811a6a9e308935fca762a57610c56b317c43a349,1,1,0,0,0,0,0,0,112,222.39
642,a8190ce5c520fcb69399485231ef7c0b7fdc3df7,1,2,0,2,66,0,0,0,91,328.17
643,42e93829e5310f3cbd905384cd0529f8fffa887f,0,15,0,8,17,2,0,42,1419,1196.35
644,11b9dd4e844c762f8c53e5fafa25f29eece1bc87,0,9,0,2,37,0,0,0,590,618.88
645,1c358b07969ecc93473ca9aea27be65e488ef602,0,5,0,0,10,3,0,1,519,334.34
646,b8f0836f9420e71652404c41471653bb15f62a48,0,4,0,0,33,3,0,6,848,400.03
647,ac64df85a92cb99f83b719fba3ffde7bc0eab5d8,1,5,0,5,41,0,0,1,227,618.49
648,d6546fc0a444228c9d45b5bef89aeef120f98831,1,1,0,0,1,0,0,1,268,208.61
649,efb3cd64a28d9425f0bbbac97fb085c525bc92ea,1,3,0,3,13,12,0,0,346,489.93
650,f143895bc27351c8679d133793e39822209c22e3,0,2,0,0,9,0,0,2,271,214.29
651,26d63ecdae0f1e27606301f90ca93b3a0f62c5d4,2,13,0,0,83,0,0,40,1170,897.72
652,c7fb49b3c5b8aa394f578e644bbc13fc9cbfcaca,0,4,0,0,76,0,0,17,410,337.84
653,09eb725c062579d9f7f3fa004ed0f249f53094e1,0,1,0,0,0,0,0,0,0,107.71
654,57f99c2b0297c63d01d23a9ab02d80194109a851,0,2,0,0,4,0,0,0,325,179.33
655,b3284c4607a8e2ec40ea9f7c090c8b705d2853da,0,2,0,0,4,0,0,2,203,251.65
656,68328ae92632afc9cdd6e75b7a8d832723ddbe3b,0,18,0,5,16,8,0,2,1689,1209.69
657,94b3bf9f750654f57c021146c3291ced855ce8d0,0,2,0,1,0,0,0,0,209,198.44
658,a26b1672a85e97bea973cfcc7eab22b4cca01448,1,5,0,3,0,9,0,9,546,673.0
659,c1d90772b6e38bb4e4be7ed75cb5d34f3048ad7b,0,8,0,2,103,32,0,1,594,577.01
660,51a667bef8300d6499c9867b50eee352311a4185,1,6,0,1,32,11,0,6,1319,1520.37
661,ab787f44aabfff0cd01b79a08a52ffaf923558b3,0,4,0,0,4,4,0,2,257,303.03
662,13e4562924a6cb3d16c262e0f595b2ffbf9e0546,1,41,0,7,129,17,0,77,3628,2469.57
663,94e1703b7250117d6b18ef181f77bc58b5740cf9,0,5,0,2,22,0,0,20,596,568.9
664,e549ac93694f768f2e26706a54a1b45dea6d2844,1,3,0,0,4,9,0,0,374,333.09
665,ba66ca6856bb4fc8bba786a59051517f19b15d8f,0,1,0,1,10,0,0,0,118,266.39
666,aeae1ba497ae5b22ecbd26fce9fe1dc2c9dbd49a,0,3,0,1,5,0,0,2,118,303.04
667,df2991c0cbc3f35c2640b93680667507c4f810dd,3,47,0,1,218,46,0,69,3801,3333.33
668,02d5fa3e6265025912223e07d1bb5aac9eac0dc9,0,2,0,2,4,0,0,2,250,349.66
669,4186121c08cb3d86f775d333c637459a4fb19d1b,0,15,0,1,1,0,0,1,1089,909.95
670,665a90cbf3bc055c8e508a252a3ab8400c3b11b7,0,1,0,0,0,0,0,0,88,182.0
671,408656614495674992349fbda3981559ada3de0b,0,11,0,3,146,17,0,36,1323,1162.66
672,6288dfa873364d1bb735bdb811002f0080e9a1be,2,5,0,2,6,0,0,7,783,749.03
673,a5037559905db131efaa590a605001a7361098bf,0,4,0,0,5,10,0,1,619,399.74
674,bccfd6a09faa4b4cec7bf6b483cbe6eb159c5d5a,0,2,0,2,0,0,0,0,10,217.58
675,d19cfe01642f9582e1fe5d567beb480399c37a01,8,36,0,13,98,20,0,32,3019,3061.64
676,fffdf661e30afd10331d2153ff052c141b7ebe4b,1,11,0,6,12,0,0,18,1197,927.84
677,29c6c3ed328965a73fe7b68eb29cb30794beef38,2,15,0,3,22,7,0,8,996,1020.18
678,2adc51c61863c613730a3b51538035fce5fa1fb4,0,3,0,0,23,15,0,4,320,306.93
679,237154982bd5853c6a374cb265520e0602adc52f,0,10,0,0,22,6,0,0,939,627.9
680,db8ac0ec3cbec046f9cf32644c16fd2a51dd85a2,3,10,0,3,19,1,0,15,500,1551.07
681,fc74b5a25cdb5e5c6145d3c60a36f9f8e0acc9ef,0,1,0,0,3,0,0,10,91,160.08
682,2fe343f96348e894e6ed16c447c8c77ba1611d11,2,14,0,0,195,16,0,55,1236,1009.05
683,f114dad5ef9b72875e245803cee150ad12ff59de,0,8,0,0,33,15,0,12,1049,612.39
684,724f21734316343873386a14059a347067d65a10,1,3,0,1,9,0,0,0,126,338.47
685,35b62e6e72901d1843dc66bf0dbebc726bf64022,0,2,0,0,15,0,0,0,185,210.8
686,b304062f1ffee078ea9575dcee5583d43e33508c,0,4,0,0,32,1,0,14,489,357.86
687,34e6de8f856648b4d74997410d9cc8da4010d7c9,0,2,0,0,7,1,0,2,102,200.71
688,69dd2844527f4d6fba99a13ed25538055e0613dd,0,1,0,0,4,0,0,1,112,130.38
689,cbdb07f4ca358b9507296868a913977ad82ed716,3,18,0,6,128,36,0,25,737,1194.18
690,b93abdcd668a4faaa6ff833e2449e28800a60f9c,0,1,0,0,1,0,0,1,253,153.1
691,c1e333f32ff97d1161464ecd59231e3feac0b364,0,1,0,0,4,1,0,0,62,147.77
692,7f4dc277572df6ba25fa961073b99a5bdb086c00,1,13,1,4,63,13,0,16,523,931.23
693,1c8d64f38a86b92f3c5a56105cd0cd51d8b8529b,1,4,0,1,17,3,0,1,496,405.65
694,273e092c93e9566d79855552a21a892d5db3e111,0,2,0,0,2,0,0,1,115,182.41
695,5f9e67e226c572018b274f17e85e4aab6ebab44b,0,4,0,4,73,1,0,7,132,501.81
696,47a381e306877750b5a3ce5d76e0a5ff652ec188,3,36,0,4,293,14,0,72,5354,4001.7
697,a75c4cf4e4400a2dcb3edc88df7f35a763f93c4e,8,13,1,4,45,11,0,37,1048,1355.51
698,9db078212f5a37154925cc8872f9adaeca0ed371,0,17,0,7,25,1,0,27,3924,2810.74
699,5f7e9916590012f3102d2bfe3012115a9f5b1c3c,0,12,0,8,13,14,0,7,1961,1427.01
700,68fa208b1cc991dec2577a07b3199a6935a71065,0,4,0,0,10,10,0,4,712,1303.53
701,cfb6a9883d2bf02c99f258e9f19ffcd83805d077,7,2,4,0,0,0,0,0,336,770.7
702,0df4878033b797b9313c887ca9d75f8ea104d029,0,11,0,3,0,0,0,0,636,699.86
703,c27601fefebd0af887a12d684bfc6f90d9fc0321,9,21,3,4,82,125,0,10,1078,1647.13
704,aa297b188e877af71dbcef9859a398c3eeda920a,0,1,0,0,3,15,0,0,65,134.65
705,6733a1ca5ef741d3bdf886f301954e9a9e7a875f,0,6,0,0,21,0,0,0,476,380.02
706,9a6da7979ee035b2241c81c48ac4a4ba1e0aee48,0,1,0,1,2,0,0,1,9,218.61
707,9fe9f42c8fad872f7aab5f9bbdac4a860edb0d43,0,12,0,1,56,3,0,9,1326,762.06
708,dbc82dbdfb2c00d2193d3f300277cba6494d84d7,1,1,0,0,2,1,0,2,27,205.64
709,9c17410c50812bf58b7b3af7d6fd4d662d03c71a,0,3,0,0,0,1,0,0,284,214.54
710,58bfa24ae4858d336e5322a10c9e4147b1d14d8b,0,1,0,0,0,0,0,0,357,142.53
711,302e3dfe2c9cd6640996066e890955b06d71bff5,5,0,0,0,0,0,0,0,0,324.87
712,ed45ad0fcc5f510717003667df79702a616c99fc,2,3,0,0,0,0,0,0,64,287.45
713,41b1e3ffec808db440778bebc258c10c76834513,1,4,0,1,26,0,0,4,630,433.05
714,f17ed541c76ce08b43713f06ecafd1685e16dff2,0,12,0,1,7,2,0,4,667,614.01
715,cc4a468113831e502b26c571d04e31b475bca5c1,0,9,0,2,3,0,0,2,266,517.82
716,be9c46a4475f18ef33796ee63d73821c07c49fb5,1,1,0,1,0,0,0,0,103,252.24
717,ea17da82f7fc4b7fcc05bba82d141e27289fd7cb,6,37,0,1,150,33,0,72,3129,2480.24
718,03e8ec7faf56b699e95e099762a388b310c4ce65,0,1,0,1,0,0,0,0,27,174.48
719,94bf0dacbaa54ead5af98b6d62ae1713c579a16b,0,14,0,1,15,0,0,11,2480,1184.83
720,08da8ea5db5359fc04010be486b842a5d2e6b9c2,0,5,0,1,13,0,0,2,585,1133.82
721,6a9624dcec1c539ff169732c490485f7b8458abf,0,2,0,0,2,0,0,1,198,224.77
722,102541b12b075bf190bdeb43e077f179a2a413fa,0,3,0,0,29,3,0,0,744,302.94
723,714ae6e62f376eec719007f8338609748986264c,30,0,3,0,0,0,0,0,0,2068.76
724,a3f37e15f75d01bb342480b0b1035ea16c5fd9aa,0,4,0,0,81,0,0,10,911,333.59
725,6b2cbe1198b444852a64746f04bd7fd3a0128030,2,1,0,0,0,0,0,0,42,196.56
726,72e9ec7a451d9fd1379e9d5ec0e8bfb7b31db500,1,2,0,0,2,0,0,0,612,244.37
727,f7eda5a8d3bf3436b3a280e35662783c3511a4c5,0,1,0,0,0,0,0,0,0,134.94
728,1972a76e5a4483b2da431cc7532207c2e6274c6c,0,5,0,5,11,1,0,5,503,656.78
729,e948247715ba001b00eafc5f801fa926c409ea5a,0,4,0,0,0,0,0,0,245,204.43
730,a55599062c0d7f0adead4b530abf483731e9efe0,0,1,0,1,1,0,0,3,117,202.85
731,224fc101fdfa355b4ad842fc39192d8e4f1f2979,0,5,0,0,16,0,0,12,991,506.95
732,6571d39a74ec183046b8f8d6b3181dcd9b7f2e7f,0,7,0,6,10,0,0,0,412,659.37
733,14e6f1e796bfd77a9505063dfbb36579f124a2e9,0,3,0,1,32,0,0,0,659,281.57
734,9b75b051634fcb1ff85613ef6a16a36cef69e524,2,5,0,1,11,5,0,3,394,455.17
735,e52291ea8871e2de421692fdfd6fbaabeca60eb4,0,3,0,0,28,0,0,0,790,374.6
736,37b8cc3f190972c150b6fb1103d6b7a319b9bfc1,0,2,0,0,4,0,0,0,132,187.1
737,c32ca00a752dfc885af487bdd9158a67d5359779,1,1,0,0,9,0,0,5,104,219.23
738,cfbde6ac0f7e684314a8bfcb26affba6edc257db,0,2,0,0,6,0,0,8,284,213.67
739,a238f931ea7dce0ca620d1798156c84ff77097ff,26,15,0,11,53,32,0,83,2783,3371.72
740,e7543b944c2b35d0a1ca0a92efeca47ad414ac7a,0,11,0,1,96,1,0,14,1410,1575.85
741,264d3b7dd0c81fe02baaa09b6e3aaad5ee6d191a,0,15,0,2,87,4,0,31,3517,1596.81
742,ef9b9748796471f80630695e5512a530b1227fd9,0,2,0,0,7,0,0,1,112,173.37
743,8fa0a3c737f27ff9d12fb657a7b22865754a5fd8,0,12,0,4,53,34,0,14,1418,920.61
744,1dcc4b57ee29c372934b72511302b689cd93c1cf,3,4,0,0,81,0,0,5,805,541.04
745,fcbad14a3da7fadbb601bf245552ecca2fbc5026,0,13,0,1,109,22,0,25,2163,973.07
746,a9ffbdd0d71af79f953a6970f9fe7b05181029f7,0,2,0,0,6,0,0,2,643,493.34
747,7afb9aca709bc5d34a4661c816b6941189d85cb1,0,2,0,2,13,0,0,29,540,499.0
748,743a5b78e3bce26482c6bcd71208e422fa178cf9,0,8,0,1,4,0,0,0,1089,757.49
749,4ab6ae543e5f95e21e60be5c971b177164509c24,0,1,0,1,0,0,0,0,89,262.89
750,4c0bac56703bc7d58a3d572006fa3515428f7965,0,4,0,4,6,0,0,22,467,872.15
751,2f19c59f1d6f74a2f881aaa57344d556d7b3eb3c,0,2,0,1,0,0,0,0,1123,872.33
752,55e94dc5ef4171c4e7b57942f22ead9a01dd9012,0,2,0,0,26,12,0,15,818,411.42
753,f445eb31f19c4e022155a414265694db42fbf243,1,1,0,1,2,1,0,0,46,312.71
754,08f8abf5639d39167952dc5120b44fe35c63ff7a,0,3,0,0,74,46,0,3,893,434.5
755,03d46dc571bc5b0f1b3c0cb5daa52e7ee324dd54,0,5,0,0,41,36,0,4,511,599.36
756,a2bcb867e17b76eb3ad1136bac92dac8069ebf6d,0,2,0,0,0,0,0,0,1399,720.25
757,4404f20671048ca4066a74094cb0961d664c5330,1,5,0,3,31,5,0,10,163,779.46
758,e8645636ce1721aa6dc3674fbc553a7bb3522fbe,0,36,0,14,153,51,0,22,3535,12461.68
759,239a5549eadeccb0ab433abb38079dbe19f862ff,1,2,1,0,29,11,0,6,132,297.62
760,428529b58fe7f405f393aaec822bf39c80401760,0,2,0,0,1,0,0,0,32,942.14
761,849c68c7b5f80064de3692d766444c2f8864f47a,1,3,0,1,86,0,0,0,221,422.74
762,bc374626bebef8297c7fd03ceaa27932baf6a523,2,9,0,9,51,1,0,0,774,1216.52
763,39b8bbe663abc10d2dd327f426c94c147deb36ab,0,3,0,0,3,3,0,0,151,231.88
764,5f79f180f6e5fa938a50c52478cdf99bc6d55512,1,9,0,6,93,12,0,0,826,1035.62
765,0086014703db5f1299143103e92093c4e8cf92d7,0,3,0,0,48,0,0,4,156,241.53
766,74697f231772a556884feaf1c986631d02a9ae4e,1,2,0,0,65,0,0,28,257,270.3
767,0c278b0f636a01c81aba9e46fe7658fcdfb0f33c,0,6,0,0,8,1,0,0,584,424.93
768,90f096d86c93d2e5acaa3d9fc1ce1e0ae9de050a,0,2,0,0,15,0,0,2,55,176.22
769,b62c1b8563c7b870ace40bed424b4e1f90a058d7,1,1,0,0,6,0,0,0,259,228.97
770,a24339e50df4d05928db96498f1bebad93fd6083,0,1,0,0,14,1,0,3,44,171.41
771,4a343c9d4ab4c993b545f0c1062c6b5449b065f0,1,6,0,1,43,1,0,6,1153,691.16
772,d05e6d2671db3876756e5a55c369c189a8fcbdb7,0,1,0,0,12,0,0,9,497,296.87
773,d737c323a688c987767f88b65d51fb9cdc5059ac,4,2,0,1,4,0,0,0,34,379.73
774,68615600985dfadf067a4967a5e08c1421e7a1c8,0,11,0,0,37,18,0,13,1620,747.78
775,c6923061d0384cc22d459ee570f3626d98b3ef69,1,6,0,1,11,0,0,0,306,469.29
776,8a1719e99979d77278d0580ae5365b1b4d12635c,0,3,0,0,0,0,0,0,415,322.6
777,9a153334ac5a83a49a44ead02466453f3127120f,0,3,0,0,3,0,0,0,744,330.58
778,f73daf6af1c87c65dd97e5ec4608ba2742dc83ea,0,6,0,0,8,0,0,2,580,389.97
779,078ae89a4793eb6a153a88b106d330fd059a4933,0,3,0,1,15,7,0,11,301,307.23
780,c43a5a992e4ae716560eb31a82fc9b936fa1727b,6,0,0,0,0,0,0,0,0,1563.99
781,9d1621da52fd7f4ee68f80fdbf420180a42b5b1d,0,7,0,0,29,2,0,2,1249,669.55
782,21c9116309d8482e7e28522cd7386e65415b15e9,0,4,0,0,12,20,0,9,733,424.75
783,fae75c2d7f46217378cee71890be797e1ce45507,0,1,0,1,5,0,0,4,211,281.23
784,3cdc100369ce920701fdddae12d7f7247332b3f3,0,19,0,5,108,20,0,30,1022,1306.32
785,0cb3dd913b0626db2f1edd35d6309a604fc62aee,0,3,0,1,20,0,0,9,765,373.98
786,5262b7ba4d018562d4e7d60772af4ddc3d770a23,1,10,0,1,66,1,0,10,1796,1044.87
787,5652e71992ad1590bf3ae3a79f1127b59ead3a61,0,4,0,3,33,6,0,14,451,497.79
788,7e4725db41674a74846b9b252a575da23a1a2b11,3,1,0,0,12,0,0,1,143,271.72
789,76b653a36738a4f420f14c53c7a0a4006dbf066e,0,4,0,1,24,36,0,16,351,417.05
790,7f23d7235266cf89710b1d1be411bd5fcdb17769,0,6,0,1,4,4,0,0,833,619.12
791,d1f805f942def3f7d62cba222e764095cbe0cfd0,0,9,0,1,19,0,0,8,232,585.78
792,e3d555a6569f3600fae4bac04cb21adacfe7c7be,1,4,0,0,28,0,0,4,436,385.09
793,947ede4c4e03a1684890ede265c211482b172bec,0,4,0,0,17,0,0,0,256,260.8
794,b4929bcf142db6dd2feadd8e0681545693c8711e,0,4,0,0,106,61,0,16,511,387.06
795,6ba0375b21c4ce07d2b6b592c4963f705c35222b,1,2,0,0,15,2,0,6,444,255.81
796,72d34e6594371112bb4e9835817b382bd4161a6d,0,4,0,1,69,3,0,3,1108,648.51
797,a5c46c91655acebccd1367706b05946eff90f744,0,3,0,0,52,0,0,0,497,344.2
798,b03023110805a3479ef6b42f7c095de3f1a883e2,0,3,0,0,8,0,0,2,304,276.34
799,94242c93857a06fb9c56ee571a47d6ca18f00f48,0,14,0,2,191,186,0,22,1991,1040.49
800,3343494d6c39883485d29c7439831ab3c1c7248d,0,8,0,0,56,16,0,10,662,1448.3
801,fe1cf3b0aca5f4d7a8af02a915b218f9b1de0fa6,0,5,0,0,63,14,0,39,682,381.1
802,c7007a8a3508a24a6f023302516fe8fbe270eab1,0,12,0,0,41,10,0,1,992,686.11
803,c6282df3e59eb1e5481158184c344034872d2a89,1,1,0,0,0,0,0,0,18,188.79
804,75d2d6185e38f014658a06541894fd7f75b9baee,0,1,0,0,6,3,0,14,506,216.03
805,8dbf374f1630c0f0795ec20a6d8045b01345d0af,0,2,0,0,7,0,0,21,161,207.37
806,59d1f07d6c24c085934330b6dedfd4d22ee2f260,1,2,0,0,35,11,0,0,534,337.29
807,35f12b955647651940ef43982552e635ec006caf,0,10,0,6,58,22,0,0,644,744.66
808,aaace5e84e9fadd817c984353e299745ff2fc334,0,2,0,0,2,0,0,8,263,236.0
809,90bc439b6636997cd7880c41125dfcc653c713fe,0,3,0,0,34,1,0,1,431,303.99
810,59b88655bc15535d7bf765987cb9b82f17e16b80,0,2,0,0,31,0,0,5,301,188.14
811,7dfe20d5a8a16120ac8ea58f4bc530dc9a8ee79d,0,2,0,0,2,0,0,0,39,151.46
812,ccc2807d86d5b9f6b2eb77a5fc3bdf3c3e67c6ab,0,3,0,0,31,3,0,1,483,310.94
813,04f685ea76a085a83aa2eb5a52f920a16df2b300,0,3,0,2,0,0,0,0,173,250.83
814,7ae94c6678964230728f0f872548b953827f865f,0,2,0,0,9,0,0,0,367,249.95
815,0515b3322f9d94f1743504085967b29efe1dd7fe,0,11,0,0,37,0,0,21,1849,700.12
816,16a44b6fa5ef94bbfb7e12fe846805070ccd60c4,0,1,0,0,0,0,0,0,135,140.44
817,83ab8f087b6a7554120ca5782aa28deae566d57c,0,2,0,0,22,0,0,4,384,249.68
818,89bd2210a7535d72c36aec441e9b99392628386b,0,10,0,8,0,0,0,0,1538,1308.86
819,cfc4ad76a325381119351092ac9e40544141b74a,0,2,0,0,38,13,0,4,84,213.47
820,b4c8567e1b975ccf32dfc1f63aadb78ac29f2c69,0,3,0,2,30,14,0,5,677,1553.54
821,5ee495e6f34faff231ad87ec890188eb63617393,0,20,0,2,97,19,0,29,2287,1279.2
822,267bebeab0430976637eda3e4a63de3220256ea7,0,2,0,0,1,0,0,3,155,205.3
823,8a2073cc61699f5692fcf638f4bae4d1c544870a,1,11,0,5,135,18,0,86,1207,1121.61
824,611294084103532fa599d97921339c281684681c,0,2,0,0,34,26,0,0,232,205.79
825,c0572656ced07a885f848c1134edd7b1c291d246,1,9,0,0,82,3,0,13,866,1000.4
826,582b97c3e75d3e7535a6cdf32a53582e89380490,0,3,0,0,10,0,0,0,582,298.62
827,7a082ec2bd29d04abe0dc86349d163d6e03250eb,0,14,0,1,20,17,0,12,2091,1051.95
828,ffdf980b2056b2a1b31ccb19746f23c31f7d08ef,0,9,0,0,13,13,0,13,1173,802.61
829,defa1c5babdcb40eb2b868ee2564826a8fb68f3b,0,1,0,1,4,0,0,5,75,225.97
830,99bf2902b29c4ab910d5043fe7091f7df04c21fe,1,3,0,0,6,3,0,1,118,254.55
831,fab57a144de0cd515e1de9107e4d3ac58037d846,0,11,0,0,58,14,0,30,1221,679.59
832,5f52156aa2389e8583a699fb3ba7b78250390154,0,4,0,0,60,0,0,7,789,389.64
833,bd38a29673080979d26aa6cb84bae28220342f14,0,2,0,0,42,0,0,0,389,199.07
834,d41cb76b56e19f6eb411b3dacaf28a490d079c68,0,4,0,2,16,0,0,24,314,459.41
835,774f809f15f9093ee3e842aa564ebd7aaeeca867,0,1,0,0,0,0,0,0,161,157.2
836,739f688f5a0b2b5e080330ff5c5856e52ad46f3a,0,2,0,2,10,1,0,0,939,788.45
837,4ce5f6553fe8bd1c82b3a4bbd8ed4351874dd4ab,1,6,0,2,75,28,0,17,696,631.99
838,c3a4de0ec0389064f5468180d1b9024f64b00f40,2,33,0,5,72,3,0,16,5183,2779.96
839,13ea1d575ce0c346a5ce6ea33df01007e2b34c28,0,1,0,0,4,1,0,12,101,145.39
840,ed4c222d5c0aeb4a46a2dd8a6342c85e88f31d3b,1,16,0,0,79,12,0,12,2579,2327.33
841,7609243e582da9a7d008fc71569897715ced80cb,1,4,0,0,15,4,0,1,384,396.84
842,9d8d02b68b5ffc18e8f9f00db1750a80d3fc9061,0,1,0,0,1,0,0,1,333,334.21
843,a24d12bdecee655ff00829906e1c57656f0fea7c,0,2,0,1,30,11,0,5,1465,717.1
844,f67c2d1bd0c8abc3d4ea76deffe45fdd92ef5e05,0,9,0,0,19,2,0,0,1255,616.48
845,db3e592df0cd022d15a6acdeac3517c54d510ad2,8,38,1,15,89,306,0,7,957,2565.35
846,9bb6a025dee43a1dadc969b67ce85ba49305e7cf,1,0,0,0,0,0,0,0,0,182.95
847,3a8d123ccb5d3b7756fa21d6720f02d7eca5b458,0,2,0,0,17,0,0,1,465,308.22
848,bb74427da27ab90ade868c4fd89ed8ac3310aea2,1,2,0,0,12,3,0,0,133,238.82
849,01ce7ba3a4af867763e437ce46a4f5e1d6e5a6bf,0,4,0,1,61,0,0,11,683,606.01
850,2b5c36b6952e16232f352b47c62d9e28ee2b30c9,0,4,0,0,18,60,0,9,215,262.56
851,949b34e72215f83d1ded0421350661bd1d6ad2a5,1,0,0,0,0,0,0,0,0,144.27
852,d99c2958dd33fcbebee9208ab8388faa0725c699,0,4,0,2,17,0,0,6,498,420.85
853,db075f93ae1030784bf08c46d1adc8af01ca4d90,0,1,0,0,0,0,0,0,129,114.42
854,98df316058c2c3dd9d3c6dc6143371de86c610f4,2,1,0,1,0,0,0,0,134,307.31
855,48ab08f1c62696e99d7d94c275b68709c499b7bf,1,1,0,0,3,0,0,1,359,210.68
856,cbb5f6109097a77f18f5fb0ba62ac132b8fa980f,3,14,0,1,40,345,0,23,1459,1147.97
857,cfafd8c29dc3679e503c6155bcbf26f377b0ea8f,0,4,0,0,38,9,0,1,474,337.44
858,7809acd67b0e1c73cf9d07f2da690c2902576db5,0,3,0,0,19,0,0,0,852,350.98
859,27ea3ab6ba125bfb2061a772649788747375f557,0,6,0,2,56,0,0,2,764,497.14
860,159646f2a4907f4662e09d1a13f5e5210356f9f3,0,2,0,1,0,0,0,0,1404,1572.17
861,fe7711df98b9dd16259f6534e8461a29f24caadc,2,27,0,0,49,6,0,8,1665,1561.81
862,2ada53f10750a611755d730764629d3368d35126,0,1,0,1,2,0,0,0,28,216.0
863,97ae5b675ff675224fdc7dcf45cd06a26d79218d,0,3,0,0,67,0,0,1,244,598.72
864,e3806060ce01557ba75094665b032dcca5656a19,0,2,0,0,30,0,0,1,482,741.87
865,df654cca49c12ab3fa8ec1e626da1bb562bbb6c1,0,18,0,7,88,24,0,43,1326,1794.11
866,1eb1d0ae4feca0bd234cd54158cbf9d19289e83e,0,8,0,0,2,8,0,0,904,869.21
867,1a118d6a32da63e7c94fb7bf43547c341a6c8b59,0,4,0,0,1,3,0,0,279,304.23
868,1c0231cc74a969c15e849fd2c27d8236581cd357,0,1,0,0,1,0,0,0,100,175.3
869,500dc615230f3010305a4318276bf7128d5cde18,1,6,0,6,0,0,0,0,2647,2423.3
870,506232da5c762c715dbcfa7d738ccd860ce4f123,0,2,0,0,23,26,0,4,18,205.56
871,48414b08277b86cdbc34ae36d7c4d204fd838294,0,16,0,0,75,33,0,12,1742,917.27
872,a9808de0d9a73a99c10a3e4290ec20778fed4f24,0,10,0,8,4,0,0,20,1378,982.42
873,aa60da6c2ec049cc70897afee6c368cb70493773,0,23,0,3,37,9,0,9,1736,1287.15
874,a446ad2c26359beb2b5367195de4257fbae648c6,0,2,0,0,17,0,0,1,56,219.31
875,dcf84707ab50662add112bd6b01c0bfd63374853,60,0,16,0,0,0,0,0,0,3532.86
876,d239307d00c7eb1c4d0c849de39ff1c000a9cff5,0,1,0,0,0,0,0,0,181,111.61
877,45be2c085d8648fd7a2d07f91d42d4db2d4b041f,1,5,0,3,49,1,0,9,596,587.57
878,0a80f82a304fc8bb3d9cf5ec016e12e6415270fc,0,4,0,0,68,0,0,3,618,430.25
879,1cf60106758c482991f08caa136446885d5f8f27,1,6,0,0,75,15,0,1,486,479.6
880,1e488138a84604e783ce274ab1bf0c5a372866eb,2,0,0,0,0,0,0,0,0,1082.88
881,d6467bb3b1fd45833fbad7fbb54c407f89b68e7b,0,1,0,0,0,0,0,0,129,143.34
882,13ad75679642adf120a36199bf9e8df673b9b38f,0,2,0,0,33,4,0,10,98,217.93
883,03f2f9b5809fb324227651fc936a61bd583fad5f,0,2,0,0,94,5,0,46,863,313.22
884,1b21c9836ed402c37e77200d9d93c51f8597d705,1,2,0,0,0,0,0,0,370,252.13
885,aad2a6f0fc75ee4cce338248f8e35af27dc218ae,0,3,0,0,30,0,0,9,824,339.12
886,161ed29087030170651e874e9e1e49f7d1ef689f,0,8,0,7,0,0,0,0,640,908.46
887,72fb517469e42963b3b92383a2f80e0eba0cdcd5,0,3,0,1,25,0,0,0,293,273.67
888,3d5a44f91978cde0d8f7d7e8f79c8267c72c483d,0,1,0,1,2,2,0,2,65,224.66
889,072292219ee522bd799fea54d150b6a601c94b97,0,1,0,0,4,0,0,4,173,140.61
890,11782dd3a5ee5a2f6ad42b335f0386d00baa9ae1,1,7,0,1,25,10,0,33,774,607.27
891,6804ef32fcd221dd05db14f2c7a266026b70fa05,0,2,0,0,37,4,0,12,404,237.94
892,0b7139d6bcfe6a4860c98b3703ee163b2f4bdb36,0,4,0,4,56,12,0,14,1342,1180.79
893,1ef64e64c05ae5318cd4cb47d03a0494d742fb7c,17,5,0,2,8,0,0,2,48,1518.69
894,228736ab5170c40c8d39c4b004c8e147cf287f2c,0,4,0,1,21,0,0,6,284,350.8
895,ae6cc14611a5898ed637a2e0f9df559f6c29093e,0,16,0,0,98,20,0,6,1481,868.72
896,e1c5e7dd2b304651eee692442b2e82ada35b164d,0,2,0,0,27,0,0,1,962,384.76
897,8e576570a99270f2db4bd722f451cde0a5c3e4a4,0,4,0,0,121,4,0,9,274,342.01
898,3ef19e9dbd5995634aac9b4011765e1d889ea6f5,2,1,0,0,4,3,0,30,248,290.63
899,9d16c9354b0c05edb30d23003dcdec4cc44ed925,9,4,0,0,51,0,0,20,672,803.1
900,d87b545165f9442f614665521ce04424af1490e8,1,1,0,0,11,1,0,21,232,1350.88
901,e217a05255497fcf243ad7b379553db7fd0a2493,0,2,0,0,37,0,0,0,70,201.13
902,a3e695ab2c512254e028c2001a72788f10e682fa,0,6,0,2,194,127,0,18,744,1488.94
903,e9bf6c56c556a92b72da65ad12fc19a1825b8376,1,2,0,0,0,9,0,3,122,433.88
904,9d42fb2e8e57df1cfd08c21e6213aaaaf38a2850,0,3,0,0,41,0,0,6,931,539.97
905,5938c863527e77c02c0d1e376d48576ebf6631e9,0,2,0,1,8,0,0,4,376,450.61
906,3eb0cb27e8c037e6b29ac57ad72b5bffa362da38,2,1,0,0,2,0,0,4,177,546.48
907,72789336b29b7f6c68216551f129361db53dcea4,0,2,0,0,57,0,0,0,143,203.04
908,c2cac2748e62aeff26c2e2737b8de72fa00aea74,0,1,0,0,13,0,0,0,70,147.57
909,201d0ecb78cd0c53b30794a0aba7f1100922f48e,0,1,0,1,1,0,0,0,18,371.82
910,4bca22005f48f426b9bc7cf36d435ead470a2590,2,23,0,14,112,47,0,29,2342,3462.45
911,dfad16fed270b9014b8486eb2c201cb86f89b85e,0,2,0,0,31,7,0,3,153,260.41
912,fd8ce04dc555f5bcf32d35b0567db9568c6d1c3d,0,2,0,0,5,0,0,2,25,193.06
913,8fcad7e8e9fd8c80207d9593115901d53b3b7d42,0,5,0,3,23,0,0,13,518,658.21
914,8fa10b184e607a33f59e67bd4b1fbe5a2e683941,1,30,0,24,130,176,0,14,2975,4273.49
915,ca2dc3e78507288f4e6a7b652de150c5e172b037,0,2,0,1,0,0,0,0,457,223.1
916,dc33a0765cd27255021911c4abb435b5850387aa,0,5,0,0,36,0,0,2,840,405.56
917,f909a1d4d70a6ee7ab897f8611481d5e62861a64,0,2,0,0,13,0,0,26,296,225.22
918,34bd9794f79a0806fb42dc0ab3934810f3f9e486,0,2,0,2,41,0,0,15,105,319.71
919,7b541d619f96ef7e447b0c3263d3ead89c8a6901,0,4,0,0,30,15,0,21,564,324.79
920,ffd2e01604be814fa3db1dded7cd7cff26a79b1e,5,60,0,59,96,23,0,47,6561,8739.55
921,24e47ebc18a62f6de351ec1ab8b9816999cc3267,0,5,0,0,43,31,0,6,231,602.49
922,2f1a133dcf8dc9e629a5c2829b1a116d66db4944,0,2,0,0,0,2,0,0,236,165.76
923,25e96e455b3473387df865fbc1c3ad7ebf9ff1e4,0,5,0,0,46,7,0,22,885,472.31
924,94129df35400882c7783eadfa1f854af4fd57066,0,2,0,1,10,0,0,0,307,252.02
925,5dcb594cb8c3887bf0bb2214dd2d6db993004296,0,2,0,0,1,0,0,6,402,213.41
926,00569147730fbf9bba6e3b0b38bec302af6046fe,0,3,0,0,7,0,0,1,203,337.7
927,3b46295c283cb73d9487d82a4102b77b3b362f03,0,4,0,0,129,39,0,14,823,622.44
928,229a79bbc3c0855aae7c3c3ff0a48ead98767a47,0,5,0,0,18,1,0,8,1196,692.87
929,33a3efcd18b166fd71cf8c13a49f1b6af37a9724,0,2,0,2,100,50,0,38,208,493.68
930,050fd3a11744cde3d54c1fff23d8fdeb3803bf92,0,18,0,13,50,0,0,18,1571,2167.44
931,e45b10365568185d0fd22546a4b666fa77dea7a9,0,1,0,1,14,0,0,6,51,211.06
932,03b7ad04fadeb1a98271ac1775f900999989eafb,0,1,0,0,7,5,0,11,292,234.68
933,b897d6c35a0036ab8b6a73f8dc76064f351b612d,0,2,0,0,82,25,0,31,138,290.18
934,49b20c2ed1be55c90a057acea71b55a28a3f69fb,2,4,0,0,0,8,0,4,839,615.62
935,331b1123fbb892524ecb58e551c20befd26c9ea9,4,0,0,0,0,0,0,0,0,517.68
936,8ac3910ae0aa8c9e082b8aa1cd1f6b3e8b4a6bd8,0,2,0,0,21,0,0,0,469,214.31
937,0e9f40df97a6ca10e5f2ebd8e85f70f9bbd78612,0,1,0,0,3,0,0,0,217,192.78
938,022f7b4a25c73b8c43985e8d1bac717b96373ac6,3,16,0,4,35,7,0,8,2701,1591.68
939,a234472d1c203036adc096a40ae080dc58f1b691,0,1,0,0,0,0,0,0,703,311.47
940,1195f844a9a74de6709ba7d8aaf70c21f27cd2b3,0,10,0,0,60,14,0,13,1237,1868.07
941,def0b949d442ecd27ff1a9623405624db691ecfe,0,3,0,1,12,0,0,6,352,330.62
942,382b565e8c8f59bef07b8cd893e1be30370f582c,0,2,0,0,29,18,0,0,524,285.1
943,1e45b1f1fd38543b0b1233f57fdee1ac4a365332,0,4,0,0,20,1,0,6,728,367.29
944,895029b2f2535f1ba8275be29fda16d0f80be790,1,2,0,0,4,0,0,4,107,225.93
945,16e21dfe92d61deb539c78bc2e43e04d7b474f88,0,2,0,0,11,0,0,0,952,350.59
946,aac5c149c7ca500b8eb810b7d4b561ff1e38ea02,0,22,0,10,84,4,0,49,4223,2279.42
947,b50a3c5de32842835962e2c341cfffd14ad692d3,0,2,0,0,1,0,0,0,116,193.29
948,05b6dc647ec8bac1885dc6b89144719c653387d3,0,2,0,0,53,3,0,8,148,234.16
949,6ee6eb843013324788f30384d9d967ff8743a970,0,6,0,1,73,0,0,3,967,678.91
950,dd72ca35365b59fcfc5724d2c182ff77e013fc47,0,4,0,1,54,2,0,9,978,633.02
951,cf6ab9b2e79369bf6224bd68c536f0be5eeb69d6,0,2,0,0,26,0,0,0,92,197.84
952,b2f7a66e50bd09d26b2ad22e66ced73a6254de77,0,1,0,0,26,3,0,10,480,238.37
953,316c23dd7e082c6dc7a332aa1a7cdca38f48e04f,1,1,0,0,4,0,0,0,36,318.36
954,7e2ecffd88ddbf6b8aa793dac63556d1871acc81,0,5,0,1,21,7,0,16,165,442.33
955,905b17876c44634545a68300ff2f2d73fb86d3b7,0,43,0,20,55,31,0,65,5943,5004.53
956,f13da263bf02e491ef5477d7d393a2659278694a,0,2,0,0,36,0,0,3,194,214.59
957,d2b9a604bd0e27509f1fa207e04b95312bd049c2,0,4,0,0,5,0,0,1,102,219.35
958,b43deb9af85575ee71e29b385737436139ec5b13,0,1,0,0,0,0,0,0,467,209.22
959,5caef4894760c666a3dcb9cdbd6b584724a92182,0,2,0,0,0,7,0,0,132,190.55
960,b096f61fe25752703785cad5fe0aaae8bf45da2f,2,3,0,0,27,10,0,4,216,1404.83
961,6cd0736cc57849e4f7c5d38a3986432a9717fe39,13,34,0,23,248,5,0,24,2370,3436.48
962,1a49c854386d3ba4aef6f29f46e2bd5e71e86dc1,0,13,0,8,82,101,0,13,1929,1313.12
963,92692c863cae56485de45e0aae3921018cf67b01,0,2,0,0,47,2,0,1,200,174.0
964,04db3ce1776ba054624291e421dfff6bf135d3ea,0,2,0,0,86,13,0,8,468,238.74
965,dae6f0b7d95566f8d8fefb6c80d05034bf642660,2,0,0,0,0,0,0,0,0,203.61
966,402eb1851341fce72c8e46266a2578bb67b5b684,13,18,1,2,256,102,0,24,2249,1896.76
967,0a61990855c23ebfa065145fa01084e84781b51c,3,0,0,0,0,0,0,0,0,589.97
968,d6143a5b3177e81056a319cb605e4a90063b1401,2,1,0,1,0,0,0,0,4,280.93
969,78ab699fe93cafbaff8f496be53d26aff40a68b1,2,11,0,0,87,0,0,6,1695,922.58
970,dd8fc7e499200476f44a3d1d38127f5c47c9eefb,10,6,0,4,50,0,0,1,473,1076.89
971,e17cecf5505dddb92e2212147505c7c900184431,9,15,0,1,109,16,0,8,994,1212.55
972,64e4fb983e022d8d3375a3e1b8facbf95f7ba403,2,21,0,2,231,20,0,53,3159,1663.55
973,2c5c8fdb80546467274607b26a1295b352c58fc8,0,4,0,0,9,0,0,6,955,573.25
974,5f7d4d2b451bec9d9db6b0a4c0b6e7991985116d,0,3,0,0,29,0,0,2,185,264.78
975,0ba7078ef4ee127a47c5042c82db0b113a967b23,0,6,0,0,54,0,0,20,1062,535.86
976,d7c48409e339d9964ec7681b91a076fc5bfa2c87,1,0,0,0,0,0,0,0,0,137.22
977,12293f8a13054eb12ee8c346aeb24a211a0673de,1,2,1,0,0,3,0,0,406,279.44
978,dd6aa0cf124786e473bf373bc5e0957e50fc9b5d,0,1,0,0,0,0,0,0,465,214.52
979,1c308188bb9f6ed80f4e0db6d5ab8f8a2963f3bf,0,2,0,0,2,0,0,0,52,231.67
980,76f9af4ccf3c832cbf53a571c0694a6d70583ed4,0,1,0,0,1,0,0,2,108,1359.4
981,88c7fdd06599671bdd519b0911c984410ecbe3fc,0,3,0,0,24,0,0,2,228,268.86
982,c163dc2fce10c1f4f4def6f079069b1bae901fcd,2,13,0,4,177,10,0,24,2526,1368.34
983,0f430e53fde884f24b473043f0a7e2bffa98ebd3,1,3,0,3,13,0,0,12,478,631.16
984,28c308d5e81432b79f9c9e14df316a52cc7ba48f,0,2,0,0,105,66,0,7,987,413.29
985,79b12f6f4ccd06a67c65ce9ce0cf8155ecdc6652,6,1,0,1,0,0,0,0,156,604.56
986,c2d6407070338f26baaa7d67c968501a987dfe1a,0,4,0,0,2,42,0,13,175,253.21
987,390d1fbef889092fc8f4296bd9e547f3200c8b37,0,3,0,0,115,0,0,0,649,307.86
988,ab330b33bb30279888ec20e77533f128a15568e3,0,4,0,2,2,10,0,4,171,359.12
989,c8f35bc3d285816a91e37be0d953a9a788c491a5,0,2,0,0,34,0,0,5,561,237.54
990,87035a004c9f6d3c36494256563127336cd6c4fc,0,1,0,0,4,0,0,0,42,107.25
991,0b73dde6ce865ff94b483558ff0701de9932e211,0,3,0,0,15,0,0,0,1500,511.55
992,10e1e314acc9d4d08765eb81906db7d636bc9609,0,3,0,0,36,0,0,0,182,277.88
993,0b9ed2364a0690d62a0d51d636027acb984e3e91,0,2,0,0,130,105,0,12,857,414.84
994,979fb054f8e7141116718645d19ec7ba00455a63,0,7,0,2,60,2,0,2,1596,871.16
995,e1062b8b787b871e6f01546de9f2e4a4c05039b0,0,2,0,0,40,0,0,4,230,217.56
996,57803245ecc806249fcd0cd5fb3ca593098ac877,0,2,0,0,13,48,0,24,234,213.48
997,7d7553c4eb7d9a282410a3213d26a89fea9b7865,0,13,0,0,70,1,0,27,3459,1489.06
998,523d3daac0db8cfcbcfba67f3bbdc4eaf61b136f,0,2,0,0,18,0,0,8,247,242.81
999,f7df0cb7df1d2d9e8574b2409cff2747b7c20352,1,4,0,1,13,4,0,1,414,436.32
1000,1bd345d6e3855ab330963efd32e0fac102e61d1a,0,21,0,10,131,21,0,19,2005,2704.68
1001,28bac402953a4337deedf0472611f5775c7a74c9,2,2,0,1,62,54,0,3,315,442.29
1002,c02dd9aa4b7e6dce4549f124ee636a99ff96ea67,0,2,0,0,123,0,0,1,201,231.34
1003,46315a2d914058969c7234272420c063ce268bf5,0,6,0,0,17,3,0,18,811,445.71
1004,da0e779e4b14c7307483b7d8f639c596e54af9ff,1,1,0,1,12,0,0,0,54,580.62
1005,fc75d3f3dc2733d6c783eb4d4f1c5c6ae680f08e,0,8,0,0,89,6,0,3,1785,739.75
1006,a5734cd38aa501bed3b0c27a608b4b3a90f4eae6,1,4,0,1,76,1,0,0,558,440.53
1007,7f13207ed15d9f84c9957b7d9efc9d3a0701ed10,0,5,0,0,17,0,0,7,947,518.89
1008,b96d18bd23d104c4fbf5ff8ee38c72f09f30b39a,3,9,0,7,118,26,0,35,771,1141.41
1009,3a54a5653bf1ea0b5b98e223c7500a9606abf04d,0,8,0,2,15,6,0,25,1138,734.89
1010,6a1c41111edcdc58c846fc50e53554fbba230171,3,15,2,2,323,58,0,19,2969,1682.74
1011,e4c55e17fea55e2fcbef182bb2b0c4b22686f38c,0,50,0,25,482,121,0,108,6158,4996.29
1012,21c14c0b026d08deecc9edf004277c55bf7bb716,0,1,0,1,3,0,0,1,24,163.82
1013,8e838bd03c44d8cd19a4b0b815b5992c6935c2a0,0,1,0,0,0,0,0,0,288,130.95
1014,41c4cd08a0feb2fa6b1125ab70504ab70fe59a09,0,10,0,4,14,4,0,17,839,775.66
1015,9ea20fc537b19a8811d0dbebaa7be7dad070c8b5,0,2,0,1,142,23,0,17,409,332.05
1016,9e650d36b76c530f171ee66ea3bca5c1765e642c,0,3,0,0,1,2,0,9,388,258.1
1017,6e37a7e5e11efb60058d7012de2ef951a8bac113,0,2,0,0,34,0,0,2,490,248.35
1018,92b7165a71656468f17ce8b760ce11e648932f0e,0,37,0,8,311,61,0,79,3563,2558.78
1019,0727ecaf50481fa7a529398bc2a12ce18c9a6b43,0,16,0,2,77,4,0,4,1273,886.74
1020,9c4f86879cad6d6e19255d4ae8f28b61328bd10b,0,14,0,4,28,11,0,14,1124,2291.81
1021,47d1ca402fe0bafae32507dee0d27cd1e345a7e9,0,3,0,1,48,0,0,6,307,353.27
1022,7359dc32d3781d5318efee4cf6185616c7c00c18,0,20,0,0,69,52,0,46,1739,1193.05
1023,febf95122090cce77d9776f457c900088529cf99,0,2,0,1,33,35,0,0,257,246.67
1024,9cf436aef51fb14ebd4fe2952a3db2dfa35e8fa9,0,1,0,0,5,0,0,2,128,156.18
1025,9b284150f1b8178d6ee363aa9c2ad85e369e73d6,0,4,0,1,34,1,0,0,274,348.96
1026,643155cbee54809e1a7febd96cbb7d8111689b38,0,24,0,0,49,8,0,14,3728,1849.7
1027,0edae7a96a06513f6abcbf5693598ee14eca4ddc,2,1,0,0,5,0,0,0,94,247.41
1028,a720a524e9986a36211a4a59902135cfec7ceb4b,0,3,0,1,58,1,0,0,256,283.46
1029,4394e5edb0e87879036b97da7db6a20be2e111d3,0,6,0,2,45,0,0,1,708,563.31
1030,f3f7a11336d225488576ecdf22f9a719a9745180,0,3,0,0,0,7,0,5,394,259.41
1031,73b88956f5421a88423ec79c751a692ca1a024a5,0,2,0,0,7,0,0,0,83,139.1
1032,39f019f41392d9e46ea1dc86ddd5563aabbeda1e,0,55,0,11,314,314,0,130,6721,4434.29
1033,b8e9f067749dbe03f352736255e473a4e00d81d8,0,2,0,0,2,0,0,6,99,183.34
1034,a77030abdc2b5e7b9434e3b87fef29c8c378cbf2,0,4,0,1,151,0,0,4,449,411.38
1035,05cdca070e1cd3913c7352f12b43b64ea27eed52,0,1,0,0,4,0,0,0,10,177.95
1036,a2205a3b7279229b9ec94d0cc2796da8f40fd241,0,7,0,3,0,7,0,0,434,581.73
1037,ac44e0a0d0cebc07904518f32e0d8e34a4391adf,2,1,0,0,14,0,0,0,304,294.63
1038,72e1568be34ff9d8d50dc438ec3f6a86552a2f83,0,2,0,1,22,13,0,0,298,270.97
1039,78daceaea40f2cf6ed751b73bc95a21e14b48d0f,2,13,0,0,4,206,0,0,1779,1140.2
1040,66de4ccf60107b83dd172b118b5a49969e61083e,1,50,0,38,11,6,0,0,2347,5739.79
1041,2051fd5ee29e99df6fe79c70b0c7c8c0c1cc131f,3,32,0,11,424,118,0,115,5154,3658.94
1042,d00d968c49217f955fb5df79371aef00349937de,0,1,0,0,0,2,0,0,46,108.49
1043,c0737b0bdb53c72a036644ad48f57dd8d3f58b36,0,2,0,1,25,0,0,2,95,227.6
1044,c9fce677b33bf7e5492bdd25dbd53cd57a2e6e99,0,3,0,1,21,24,0,6,729,299.97
1045,b090bc1c21160dded89dce79c4817e43213bd991,0,1,0,0,0,0,0,0,35,129.13
1046,b64572b06b1282128180b9ebdd971f9b1e973e61,0,9,0,0,232,200,0,13,1914,1073.92
1047,8dc0d5af432cc4fc34630c0dcfada6823b1abd5c,1,1,0,0,7,7,0,63,371,232.14
1048,2166fa201ed9ee22d613d2edbac1e2af4e71ab76,0,1,0,0,1,0,0,6,218,135.69
1049,079ed1c9e1ab0a902e183dca2a5a9d79a7201264,0,3,0,0,40,55,0,16,1174,546.47
1050,1a389305b27ac1efec4d7923b87de3e703bf70e1,1,7,0,1,1,161,0,5,413,562.61
1051,98d97d316cd6be7ea62a1550e2593f94e3214feb,0,12,0,3,51,65,0,28,2469,1314.34
1052,acc0d3eb521e3c1d1b2f4be9b46c685ee921504b,1,25,0,11,295,65,0,31,2247,2088.62
1053,243bcd367ff3130d74676280233041f88aca62a5,2,45,0,13,457,413,0,57,4624,3457.14
1054,16616f9e5b1e58bde880ca72e5290e826b5f8bf7,0,3,0,0,110,44,0,25,274,277.86
1055,1ab4659b6b751f1cb3b543d2b292db096f87b541,7,1,0,1,86,0,0,0,11,572.36
1056,84862b54aad9cc50d9b48f0c8193c7bace29f1b6,0,3,0,0,6,4,0,12,358,262.99
1057,27a50a2bef90faed231585ab535502f2f7bf9563,1,0,0,0,0,0,0,0,0,138.05
1058,f047f9cac65e431fbccf1db9cc806565eb7fd7e6,0,1,0,0,59,50,0,0,7,142.27
1059,5b64e3c2be8c7ec02d4c2ff574c7f513ed45ebf1,0,1,0,1,1,0,0,0,21,186.0
1060,cf4d0cf189d18b29a5dbac00663e5edd8c408cae,0,2,0,0,4,0,0,0,837,1823.83
1061,413bddf5969a0b9b4309679d96b61a75e1abf595,0,4,0,1,3,10,0,2,581,423.5
1062,32bc200d54928d39acdc837c2c77b4c443fb46be,0,14,0,4,109,68,0,54,1742,1394.18
1063,cc536fe4da7b462d40f36ca7fc5109d297b08a2b,10,3,0,0,31,20,0,0,66,780.15
1064,ac914f79bc80b152e71e7de5497b73f22824f4a7,0,27,0,10,42,138,0,48,2753,1998.77
1065,0939c49368f1bc9dc08cec9913b21ddea30d4e45,0,4,0,0,58,0,0,2,841,450.51
1066,a42e459b9eba8c79652036e44dceb34d717b665e,0,9,0,2,77,13,0,7,360,621.27
1067,c43c763151369f3c7d98c706c405e7c55fea61cf,0,2,0,0,0,0,0,0,90,164.44
1068,8fa3ebd13451a243510eed5c2f3dd43cdf605a77,1,9,0,0,107,27,0,29,674,584.45
1069,a690a215dba6180090214675393431a589c37f24,0,10,0,8,48,14,0,0,1861,1292.71
1070,ec18984252731089ab5af12b3603dcfc3d4f4593,1,4,0,1,51,6,0,37,576,429.66
1071,e55d0ef515e75226cd774affab1b6b83a745457d,0,1,0,0,4,0,0,0,29,111.78
1072,381a4c42135916245c8992daa3d03f38e282108d,0,2,0,0,33,1,0,50,991,390.56
1073,e1d398b2c98a032d72ffed0cbd7a9a5bcd8ae293,0,1,0,1,1,0,0,0,178,270.23
1074,6ea797d0d0a65275aa6a194e97f8d016ac7803f3,0,1,0,0,18,0,0,38,241,191.59
1075,0cb2fdc3b4fbbaa6153b6421a63082dc006f8eb4,1,12,0,1,263,148,0,81,2084,1445.48
1076,a6ff2270c5ea533739a84beb247f36c5cb6e1732,0,1,0,0,1,0,0,0,288,177.39
1077,8451ab5c01fdd290b33881daae8757c5f77a0d0d,0,3,0,3,5,2,0,17,100,368.15
1078,f7ca7ec4c9eb3ec65f0d365b41ce1b5e8923eb8a,0,1,0,0,8,0,0,1,74,122.2
1079,2d614a916cc5958b709bddbee71d2dcb9cbb2bf9,0,11,0,0,207,112,0,18,1533,791.91
1080,740f4cb97a4d5ec498f6e91d91ee7e75ad1c52c2,0,2,0,0,13,0,0,5,513,1520.25
1081,2cc851a66e86b82ed6f9fc3b86c2df3001519c51,0,1,0,0,5,2,0,17,115,161.06
1082,5540d77e2f8cfcaa5db3a5bacac7c1737fd48999,0,2,0,0,51,20,0,0,117,182.72
1083,ec010a29362c6c5572f8681f4e7d0469176345e1,1,19,0,5,344,77,0,66,1652,1533.66
1084,13420d01f2fb28a0e445dc87ad9ee9b607804d53,1,18,0,0,54,11,0,30,1132,968.11
1085,78e995a37d44cfcf511dcaf7e149a6fd47ba3434,1,15,0,4,316,189,0,8,1067,1147.26
1086,7e73b9cde6b3762504eff517fed0d5d93116e2a1,0,2,0,0,0,0,0,0,339,222.17
1087,cf3d8b228695cfb6d1943460524f86973ace0bf1,0,1,0,0,38,1,0,4,73,182.95
1088,96c11fe6021ce9c14cb736a0d41dde856d92083c,0,2,0,0,3,0,0,0,868,381.22
1089,2627e352d630d19c35b97eea9ef603342feb379f,7,5,0,1,69,15,0,0,180,844.34
1090,aa12a7914fc6d70d0ae16e99dc13a739f931b173,0,3,0,0,56,0,0,15,1012,405.25
1091,db06f1bcb98270cd1c36e314f818886f1ef7fd77,0,4,0,0,62,7,0,16,485,334.01
1092,82f4348f27a7b6bb74edb583fc17fef9f4f3b082,1,18,1,0,33,46,0,6,1408,1077.08
1093,6ff600d9e3496008d81361c17ea427a8675cd0d4,3,1,0,0,5,3,0,65,375,429.49
1094,d4324eef14782d3cde6570ee910c45d8fdfce6ba,1,2,0,0,54,9,0,18,288,318.1
1095,f0799c55360e1e77224955f331892390e4361729,0,13,0,0,146,52,0,6,2277,1510.77
1096,00395a006468e2143daaa493a5920d18aeb98922,4,0,0,0,0,0,0,0,0,286.11
1097,f2745babf34f348aef1727f5ad04fe9ad1683007,1,2,0,0,13,0,0,5,475,351.49
1098,034039b917f424a59167e068b9e1d5fbe3212751,0,1,0,0,2,0,0,0,179,154.63
1099,74a2191aae7e0d987ca4d288e9c37d46027a7ec1,0,1,0,0,30,0,0,3,331,193.5
1100,bee6822441d1c2bedb2a135c8b56558aa5cac366,0,2,0,0,20,1,0,2,135,1693.44
1101,38a3b925e9cd1cf0889719894acf65e1c3e25c15,1,1,1,0,4,2,0,0,40,231.49
1102,eeda370249d3f65a36718942a15867f79654ff66,6,0,0,0,0,0,0,0,0,406.68
1103,3727ac9bde3454019cd10afbb74d764e97e02e09,0,1,0,0,3,2,0,5,64,135.12
1104,3d95049f79fe7edb92dd6d20c3a60ccdc46c4b0e,0,3,0,0,33,7,0,5,711,401.38
1105,88c4d4a7140b29a409e2ee707f41db5900046843,0,2,0,0,18,3,0,7,183,190.07
1106,fdad179980f7b5a8222c8462b55b06ab615f64e5,0,2,0,0,0,0,0,0,319,188.4
1107,ee5351bf22e113d39db3839432bc7d6c743cc736,0,11,0,0,21,0,0,16,938,684.86
1108,ee0530ee0e595464087820cacafc4ab4227cf2a6,0,2,0,0,15,2,0,20,202,191.97
1109,9ca394d54dd24e67867c845a58150f6b51761512,5,10,0,0,49,0,0,14,2025,1273.26
1110,1b9b95692412f3866fe716e56bbcf756a15b70e4,0,3,0,0,26,0,0,10,933,469.45
1111,04dac636953532c9c4ab6692e193e3ffe292edb2,0,15,0,3,25,5,0,8,1849,1116.33
1112,cc4c74be09ed54e7541b7e2ae8cebc42c2c130fe,0,1,0,0,1,0,0,0,431,220.34
1113,47cca0cb6d1f4e5979d11d9a624b005e6e666f2f,3,16,0,2,81,16,0,46,2318,1390.41
1114,76238b9722539b5fd4773129ecc31b11bd8255ef,2,11,0,5,35,0,0,11,1631,1411.65
1115,8e0ba42df43fa6f9a9d42746c7afb0eee0a31ae3,0,2,0,1,79,33,0,12,927,438.3
1116,3a6f8b878501cc6961a8388813f33bbeb5ebae34,1,2,0,0,54,15,0,0,338,305.02
1117,a6ea460a9150e84128ebef97ab6ea8881215de03,1,6,0,0,98,2,0,11,565,552.8
1118,f667371746de02c52434af6e48f3e2a4f83917ac,1,1,0,0,0,5,0,2,58,173.73
1119,d1963ad4bd1fb735bfa39e2b70773bdf1f623a87,0,5,0,2,33,0,0,14,807,443.53
1120,122be11c1497b183f18079adf97a4f0396ea66ee,0,1,0,0,2,1,0,0,434,1893.07
1121,2a20fe8370c83c7472632871a396811b1e4d4463,0,3,0,0,65,33,0,4,647,438.9
1122,c122ef900042ba55b069c19e7d9454412e59359b,2,2,0,0,2,0,0,9,101,287.7
1123,990cffdcfa9349fff0cee144b1d0e5267c40f63d,0,39,0,13,867,192,0,58,3683,3509.06
1124,ce63b04977ebae39062ac2f5759a9d7003e47bda,1,0,0,0,0,0,0,0,0,194.7
1125,658b1bf561aa1c0f02fc0dbb079011f959709c25,0,6,0,0,83,1,0,21,1612,897.31
1126,94b29b3348f5919a7599cc4b8e0466a4c72e95ae,0,6,0,0,36,1,0,14,728,681.24
1127,9bdd272fd7f054fec5aea673bad822d624d65ba4,0,2,0,0,0,0,0,0,135,167.38
1128,98ecd4ffef333cb6703e922de3f1d8512cacefed,2,5,0,3,4,10,0,7,966,996.21
1129,3bbd67173eaf776b7b5e4af8a24dd8738e02fed0,0,6,0,0,22,0,0,4,361,376.98
1130,87866d4a5653c4828a4f4a6f76c58b1b889e7e5b,0,2,0,1,20,0,0,0,102,202.58
1131,2c6ce77c5a06ab4acb99cfb90304fa61428c6465,0,2,0,1,0,0,0,0,239,248.21
1132,aab466558a4be5479482c6c0c98282c563f6a0f4,0,1,0,0,53,0,0,0,125,190.65
1133,0ab1f90d40352d4daad8efd21eda0a87dec55cf9,0,1,0,0,1,1,0,2,435,305.75
1134,96e0ca2d272dc7ecd7f7f0e65a0c596fcc063bcb,0,17,0,0,344,75,0,167,2055,1694.12
1135,396c6c63a26b098fd0221e830f79be13b7e97432,1,4,0,0,171,36,0,8,345,863.82
1136,a5c08eed16e797d2ba9f98f7bc6a8e1bf09aaddd,0,2,0,0,171,44,0,36,274,775.76
1137,6015e9594180f157472a88030c85c5599fdc289c,0,5,0,0,27,0,0,7,1127,825.66
1138,533675bfbb44ba48c7a1b81fd809bb3ee8a9f7f4,0,2,0,0,12,0,0,0,139,355.23
1139,b7b3a7e0118ccd02105c2435340be70b1c7b9bfa,0,2,0,0,28,5,0,27,404,299.35
1140,26421dd7dc6e8b4bfbae00861f727437e37dd021,0,2,0,0,48,0,0,0,1150,14842.48
1141,8d41b363b85105630623b07b909b83775ffda384,0,3,0,0,6,0,0,2,505,2541.79
1142,161d97807f27da9a29f1670e2b5c849a875d4fff,0,2,0,1,0,0,0,0,122,1875.7
1143,28d62bf75b7994adc10aa10074c5762bf4461b5f,0,1,0,0,0,0,0,0,239,155.47
1144,c482cb253c11bbeb7ccb2237a122f2bf4a7d2f0d,0,1,0,0,14,0,0,2,155,344.32
1145,06c15b6a3e07bfbdb5ef4db697737a7b0765da74,0,67,0,13,231,57,0,36,7249,14640.3
1146,1dfc9c39b6680fd379285cb55640dd97d8de0316,0,1,0,0,12,25,0,0,70,842.36
1147,a93be7b46c3eab8aecb20a334c6d24d20649314d,0,1,0,0,6,0,0,2,336,298.44
1148,c7e87574cbf6ef73c5c77c0dab353f36f03527db,0,1,0,0,3,1,0,10,539,391.06
1149,283a3a246a5d4dd75b220d0f2bc1d751855d5897,0,2,0,0,23,0,0,0,447,202.89
1150,bb7ce82816574f67aa1898f67e0e0cff54fa67be,0,8,0,0,107,2,0,8,1418,1887.46
1151,5bf7ef839bbe4f7d5d673ae43e795ee4050fad88,0,1,0,0,2,0,0,3,238,744.9
1152,1f8bb1001a41fe53ca40c6897f1515f5306d214d,0,3,0,0,13,0,0,7,611,1494.88
1153,af8b09af75b252aa75b86ca42323c5b21eb41ee2,0,6,0,5,171,13,0,16,422,3345.34
1154,b20180ffa6c89396d9fcfec8b029b9c600503c3d,14,1,0,0,0,0,0,0,0,2580.65
1155,9c2848e076a5c72bda3ec928de1790137c70fbbc,1,9,0,0,66,56,0,17,336,624.84
1156,0abddac4767a36e2351ce6a8b59e98a0ea664096,0,2,0,0,2,0,0,0,645,390.95
1157,bd23a2ff22dba8a5203e8e498244f985e728da51,2,7,0,3,80,47,0,0,500,1113.66
1158,7b9c074b7635e3dcdc38d4e7fb1afbff7145e698,1,3,1,0,30,0,0,15,702,1282.94
1159,1355ff613260566f860aefa94690321c34c40d16,0,1,0,0,1,0,0,0,2,112.74
1160,c6a09d2110286632e6cfcee00abf8e79894381ec,0,3,0,0,56,0,0,0,1477,3664.93
1161,d85f90e5b35f1eb1aa359688ff15870c8234d683,0,1,0,0,1,0,0,4,237,246.94
1162,95986dd2fb4527c43fa4c088c61fb7b4bd794d23,2,14,0,3,51,18,0,38,2475,3794.24
1163,875592220fb250ff9d0bba73c8ace9858fd369fd,0,5,0,0,113,0,0,13,1582,1063.53
1164,9e62bcca4e2ee4aaa3844d1d975dc0adc93ab602,0,4,0,0,131,64,0,35,962,778.25
1165,c2174a55363e8f52acbe21319f072f6678441d47,0,2,0,0,22,0,0,0,1024,539.44
1166,60b1e835e0fc5c4c90eaf588c6722f69061f7f36,0,2,0,0,172,2,0,7,443,572.83
1167,e52f67e3897a67a0b6d29e557a31cfa881738821,0,27,0,2,953,257,0,163,3572,3053.98
1168,eeb4acd955802e2a84ea94cecf2e2341b83d5efb,0,19,0,7,1029,50,0,67,3675,3248.76
1169,808bf8bac1d4bdf83fb3bdf6e096b4038c9567ce,0,7,0,7,0,1,0,0,238,889.84
1170,e7b540eced929a9c3a3ca6aab6c40571815a23de,0,2,0,1,0,0,0,0,58,214.82
1171,7557f7bb2d22f564e26d6cf9672d24b7ef4f347a,0,2,0,2,0,0,0,0,76,227.07
1172,84bc2fe4021be32e0ff8ba395359337904149034,0,4,0,0,82,0,0,0,696,324.82
1173,f8e871d01b851cd5d8c57dd7e364b3e787521765,0,4,0,0,23,9,0,37,931,524.89
1174,5109157ed1fbcfcc117f823995cf1a378627e2fd,0,5,0,0,5,245,0,2,441,381.49
1175,7f80e142096ab21b4852635a127589e34a747bc4,0,1,0,0,46,11,0,3,115,148.61
1176,2c3da25fd718b3a9c1ed67f05b577975ae613f4e,0,4,0,0,102,12,0,41,569,317.02
1177,376233cdd4a4ddbde5a92a0627f78338cb4c38b7,1,4,0,1,24,2,0,38,1523,841.33
1178,793dbf2465c01426a93bb26d08e377ffd3915340,0,1,0,0,0,0,0,0,238,130.76
1179,b9edad64034a9c8a121ec2b37792c190ba561e26,0,4,0,0,69,0,0,1,507,331.29
1180,0af1a2b5bc1469ba22edb63cd58f9b436b1dc4d3,0,24,0,12,184,56,0,34,2602,3916.11
1181,7bbda6ef92e9bf4a28e67b8736067b38defab51e,0,1,0,0,3,0,0,0,19,135.17
1182,0f3b6900be1a3b2e4624f31f84656f4a32dadce9,0,22,0,8,166,76,0,101,3929,2265.49
1183,6b2f11b54bc679b0715fe66bd129e340e8c61c5c,1,4,0,1,147,0,0,16,677,530.87
1184,971e91c8c03a23e4613ed3f071b4f982ee5a1b63,0,3,0,0,46,0,0,7,443,592.95
1185,1b4be918664b09272b120bc42de3e5fc02d79047,0,7,0,6,92,13,0,11,689,904.35
1186,ed63b116465290fdb0acdf89170025f47b307599,0,7,0,0,112,7,0,30,658,571.31
1187,10f9f5101c44be7c675a44ded4aad212627ecdee,0,6,0,1,26,28,0,1,1658,787.11
1188,1a1dcce827d8747a5629151afa335598fbc94f9e,0,6,0,4,76,3,0,2,391,542.61
1189,298d09c9b583088f364038adcb1edf1eb1c2c196,0,1,0,0,14,0,0,0,728,357.22
1190,390a7c12f543b2c94a74f08d6d2a28410472043a,0,3,0,1,46,0,0,2,182,302.99
1191,a003f71cacd35834a1abbc2ffb5446a1166caf73,0,6,0,0,96,19,0,1,1346,631.88
1192,fe2188a0420f501ccfcba92e91d4b564ba86103e,0,1,0,1,2,0,0,0,30,191.72
1193,bd69fb2d44403e930d1fc0868ed1dd2a49dd9659,0,38,0,18,18,7,0,0,3453,2810.66
1194,e2ee2ff7d7ca429487d7e3883daedffbb269ebd4,0,1,0,0,1,0,0,0,12,115.27
1195,4981d082d4f3c82d1c2c900c7488b83bf20301cc,0,1,0,0,4,0,0,12,742,422.22
1196,a19820f2fb2000a789a114f8ed55cb7e071723c8,1,7,0,7,43,0,0,72,764,967.76
1197,4228de94028f1e10ca59ce23e963e488fe566909,0,4,0,0,146,4,0,15,1557,784.09
1198,c66c3ac6bf9f63177279feec3f2917e4b882e2bc,1,2,0,0,0,157,0,0,490,295.21
1199,aa92b764a7ddb888d097121c4d610089a0053d11,0,3,0,0,251,148,0,15,243,312.4
1200,9d72f939759f407796ecb4715c2dc2f0d36d5578,1,6,0,1,16,22,0,8,434,2056.35
1201,30da99cbaf36aeef38a858251ce8ffa5eb657b38,0,2,0,0,23,0,0,0,1489,862.94
1202,1ccbc29708f7e89b9292a861df3bc3b8f4f7febe,0,1,0,0,0,0,0,0,113,139.36
1203,d4f7e2507f4bb024444d172f94e74431bc2f319c,0,1,0,0,16,0,0,13,163,189.49
1204,b46c2bb51ae524e6640756620f70e5925cda7592,0,2,0,1,45,0,0,2,172,275.68
1205,4cd54d9a297435150ab61803284eb05603f114e2,0,1,0,0,0,0,0,0,201,164.28
1206,7e6f384dd742de21f29e96ee76df5316529c9019,1,2,0,0,1,0,0,0,552,365.41
1207,4170c99147b0cb6d561ff626cea140e0a061b314,0,2,0,0,21,0,0,22,352,215.9
1208,05499b1093ea6ba6a39a1354d67b0a46a2982824,0,1,0,0,0,0,0,0,40,109.18
1209,eccb7d46efbf07abcc6a01bd5e7d682f6815b824,0,2,0,0,64,17,0,19,488,257.49
1210,bb6dde68f19be1885a9e7f7949316a03825b6f3e,0,4,0,2,19,0,0,10,688,656.04
1211,d50e8f09287deeb51012d08e326a2ed71a6da869,1,2,0,0,0,2,0,11,222,271.96
1212,b50a6d78f5e12cfb9e0f52e0af6efbab3618e2e5,1,28,0,5,457,38,0,165,2654,2258.72
1213,f5b38477f9d0827b238fadd260c1dd2889531fd4,0,2,0,0,1,85,0,23,752,292.68
1214,338e88a19eeb01364c7f5bcdc5f4b5c35d53852d,0,1,0,1,1,0,0,2,223,303.14
1215,b7dd3a4f04f712b7594c4e6e7ce50fd314f7c342,0,11,0,7,9,1,0,2,402,902.49
1216,d18f10ad1b3e497fa1aaaeb85ba055f87d9849f7,3,5,0,0,141,59,0,21,276,564.22
1217,dc2b2ae31f2eb6dae324c2e14ed7660ce605a89b,0,2,0,0,6,4,0,5,504,259.02
1218,bdbd10fde1539920de937404a785e6ed34dd5628,2,4,0,3,10,0,0,0,25,402.08
1219,444836b3dcd3ee28238af7b5e753d644e8095788,2,18,0,0,315,180,0,66,2299,1682.49
1220,6b710a42e00acca405e085724c89cda016cf7442,0,12,0,0,71,4,0,43,1954,2652.42
1221,022f49d59e404678d0f322bb1b67208f3c17b7ef,0,3,0,0,15,0,0,5,34,214.9
1222,7dba7005b79994106321b0f86bc8f4ea51a3c185,0,20,0,19,3,0,0,4,1502,2133.44
1223,3164e7d83875aa6b7435d1dfe61ac280aa277f1c,0,6,0,0,95,73,0,94,2010,992.38
1224,107da29ff9b6efd02b21c96df60c58ac51590ebd,0,2,0,1,12,0,0,0,103,239.92
1225,d90c13e2da8867661bf19a802add70145ab9a462,1,4,0,0,46,42,0,9,518,429.5
1226,b3ffa870034d06608a1946e2d9ce7dbd535a2c53,0,1,0,0,5,0,0,24,349,196.94
1227,6afe20a7a4bbfa30fce3e3c9873ad43201987998,0,23,0,2,0,142,0,0,1103,1030.5
1228,3107434031e0da149ea2c09c5fc76f1a152435a0,1,3,0,3,3,0,0,2,929,6652.61
1229,6785661e554114a4613b5fe7dabec9bfa80c41d9,0,4,0,0,21,0,0,3,588,412.83
1230,75a2560e51387ea31ef4609ef434475bbbc628f7,0,1,0,1,0,0,0,0,385,277.02
1231,077250d8d7b4b757543a39a6ce8bb6e3be356c6f,1,5,0,0,96,39,0,8,414,426.21
1232,2ac87df578accb6e612f70ded76271cb5082ee10,0,5,0,0,28,0,0,6,673,452.54
1233,eac1d1894354e90d314087af8e7fb168ddef9a3d,0,2,0,0,2,0,0,0,683,286.89
1234,bff67dfe2f811654ffb1bbcbd87509c185f452b6,0,2,0,0,29,0,0,0,620,284.49
1235,cf74772064de0ce7cefd541e3f407442f4f0e281,0,1,0,0,4,0,0,1,551,345.85
1236,21d10ccc6e463cf250414264c78acb4a6e7c83e3,0,8,0,5,264,8,0,6,1390,5075.33
1237,27d24f96ab8d17e839a1ef0d7076efc78d28724a,0,2,0,0,61,2,0,2,937,501.86
1238,2ba90c93d71aa2d30ee9ed431750c10c685e5599,0,1,0,0,0,0,0,0,92,148.21
1239,cbb249534aa72ff6c290c4f99766415aeea9d6f5,0,2,0,0,18,0,0,4,301,251.09
1240,119cc75e7ebd723790f6326498383304aba384a2,4,0,0,0,0,0,0,0,0,2072.38
1241,8e615588d5216394d0251a9c97bd706537856c6d,0,2,0,0,86,12,0,5,637,331.79
1242,62943b8e3aff3b274c439f72a8bb86094c1ab0e8,0,2,0,0,3,0,0,13,352,232.95
1243,58d1a02b8d66b1d2a6ac2158be32bd35ad2e69bd,0,4,0,0,171,14,0,16,341,327.25
1244,ee4ee6af6a5a6299d27462adb6944206039bbbae,0,3,0,0,60,3,0,16,1061,584.54
1245,e3ace31e2b7e3a8dc6cf3dc044d5ef2a9aa12e29,0,1,0,0,53,4,0,0,949,625.04
1246,d3c49e76624b7e42a1321c649a1d7bb9906b3073,0,2,0,0,179,72,0,22,191,324.68
1247,5db371f52f5c6e894a7e6a5d523084f4b316a7ab,0,2,0,0,35,2,0,17,368,252.37
1248,4aa9b3e75ca86917125e56e1b438668273a5d87f,0,5,0,1,57,18,0,41,1802,1138.29
1249,1bca1bb5175b5976a5a0e45b6e1c4486bdf87a0e,0,2,0,0,0,0,0,0,403,195.78
1250,58590fef49bf45fc97c81277560e08da6b753f95,6,1,0,0,6,0,0,1,33,778.43
1251,ee9b80acf84718b952cbb82380cd0a4dbe22dc79,0,2,0,0,20,0,0,0,723,310.68
1252,cf953b6258b036fc482456b4591cfb98054f48f2,0,17,0,3,52,0,0,11,3717,1879.95
1253,b24fe0648348d325d14931f80cee8a170fb3358a,1,0,0,0,0,0,0,0,0,141.66
1254,9ad708a0dfa5e82d1a17471b1cf3e76204b32cbc,0,1,0,0,0,39,0,0,85,166.91
1255,000e12f6fa114dfa45377df23acf552e66410838,0,1,0,0,21,0,0,11,289,193.96
1256,3e85542a7afb8bbbc19f2aa59da04ec824168c0e,0,1,0,0,32,0,0,3,140,193.2
1257,6d84cc16b3e0685fef01d0e3526b0f7556ceff51,0,4,0,0,73,36,0,16,468,390.94
1258,5b7078d06921893200163a3d29c8901c3c0107cb,0,1,0,0,27,0,0,4,392,197.72
1259,d4e766de931c1cc478561a211215c517ba1f341c,0,2,0,0,56,0,0,79,394,220.44
1260,f6f16118d38fcfe3b724f05fad752cb223f441ec,0,4,0,0,30,0,0,2,517,2175.76
1261,f657b54281d517c69df0a23b97b47befa77d1dc2,0,1,0,0,11,4,0,5,78,217.64
1262,df99ea8a92d600e669606d41d3887bd004e7a3cc,0,2,0,0,93,4,0,0,165,210.48
1263,59a212b6e1265adfa9b55c71b65a22157dfccf77,0,5,0,0,42,1,0,0,463,345.13
1264,43e669b22d9ac0b81ab8cc397c5d6d92bac986c6,0,1,0,0,18,1,0,4,277,186.59
1265,ccbba4a4deb8ade54a04137c993526e461bcb46e,0,4,0,0,14,0,0,0,166,271.99
1266,a0b1f10a30dc2736cc136f257b0d3bf0140158bb,0,2,0,0,8,0,0,2,594,258.4
1267,2440671a117f165dcda5056404bc898df3c50803,0,14,0,1,84,0,0,9,3004,1222.49
1268,8eee59ce6b3044cb73bb41fed6b7ece959e7c2f8,4,3,0,0,92,211,0,106,741,886.89
1269,c4d4df8de09ee0c89ea8176bd8149900becd3c0c,0,4,0,2,18,1,0,28,459,515.75
1270,0f72da7e281376f4fcbfbf3fb33f5d7fedcdb1aa,0,3,0,0,170,11,0,5,108,256.79
1271,4ba63547179b89986aa956a4903cba495ee98656,5,5,0,0,12,0,0,3,207,538.5
1272,368c77376a3704e3fa395d72b1816d388b5cd782,0,1,0,0,4,0,0,5,385,187.88
1273,0ef8bbfd8791899c7cfed3dd9c1670182fd87575,0,9,0,3,230,18,0,144,1293,1011.56
1274,a3cf40e532d17b176663bb99248ed159aae6a9ed,0,9,0,5,453,27,0,9,407,1024.64
1275,1e48eefe5800975ea0c4295c9911ae3f572ed37d,0,1,0,0,2,0,0,5,419,184.8
1276,f0dbd7a40f0dd9b619ca13b0a0648636c9e21b3b,0,25,0,0,253,14,0,23,1633,1391.82
1277,4ee4e5ca2b8488459d2231dd1de8ed44dd656d5c,0,4,0,1,2,43,0,0,359,333.88
1278,5ffb54694b52657f3b7de4560474ab740734e1b2,1,1,0,0,2,0,0,0,421,212.13
1279,9227dfc25f373a99cb66ad7d6bacef8dcf336f77,0,3,0,1,198,0,0,0,387,305.11
1280,3b3b63081b39270ba363eb4558c5fb37fd5172d5,0,2,0,0,76,6,0,35,627,1960.21
1281,605b4b61364781fc99ed27035c793153a20d8f71,1,10,0,1,262,56,0,40,1370,959.49
1282,d8107fcd1c93c202925f2946d0cd4072fe0aef1e,0,2,0,0,41,1,0,1,742,378.6
1283,79a7289165510072c46779251ebb010248cb0ce8,0,2,0,1,2,0,0,0,323,293.8
1284,0f23cd497b0baa0899c7565cd94e2f27dbc7c0ff,0,1,0,0,50,0,0,73,430,166.24
1285,6cf6ab7b780de2b0c2c9ea730e1f366965a0d682,0,77,0,44,2686,275,0,297,10774,10957.06
1286,819224dcf9c683aa52f58633ac8e13663f1916d8,0,36,0,22,942,36,0,45,5777,4618.07
1287,0881ed3fc313abda2896d3f26769690f5ba37346,2,4,0,0,32,1,0,9,524,446.29
1288,f80a7298325a4626638ee24467e2012442e480d4,1,4,0,0,168,46,0,14,621,522.62
1289,723facfa408f469891e67084bdafa18841a0cf64,0,1,0,0,1,0,0,0,429,210.76
1290,69f7277625b86a30a5964285d05dac4ba982e795,0,1,0,0,4,0,0,3,679,379.66
1291,d4725bfcb2d300219d65395a78f957afbf37b201,0,6,0,1,55,5,0,27,1571,748.63
1292,4e403def80a22808a86f29ea45681883a112b577,0,1,0,0,1,0,0,0,316,193.75
1293,8f6e14399a3e77e1bdcc5034f7601e9f62163dea,0,2,0,0,33,3,0,18,638,469.26
1294,c87b3a448a00df97149a4e93a8c39d9ad0268bdb,0,6,0,2,27,3,0,3,498,565.48
1295,92a8917ca5a25bf6bee75acbb554aae87766a7e7,0,3,0,2,18,0,0,1,259,292.33
1296,ae401539eaf7745ec8690f9281726fb4cdcdbe94,0,7,0,3,1035,56,0,15,781,1243.68
1297,4fa1afdb883dab8786d2fb5c72a195dd2e87d711,3,16,0,0,279,329,0,93,3496,1856.76
1298,e0a2eb71e3eb3efa865068089b649624132d33a1,0,1,0,0,0,0,0,0,277,135.64
1299,fc0885da294490c3984c2231a4d35f89b3b520d4,0,2,0,0,190,41,0,10,265,277.26
1300,e7167e4a1323cff3edfa45750b927b198c5fbc0a,0,1,0,0,3,4,0,2,162,1971.85
1301,0adc0471d0c06f66a31060f270dcb50a7b4ffafa,0,3,0,0,16,0,0,1,455,358.77
1302,e46d5bb962b0c942f993afc505b165b1cd96e51b,3,12,0,0,466,198,0,44,3027,2113.79
1303,3cd75845da1aced3d88e0ce68c68e8d95f48fb79,0,9,0,9,0,0,0,0,2014,1624.32
1304,21d36273551fa45c4130e5523b6724358cf34b1e,0,7,0,0,123,18,0,10,1097,686.65
1305,e404650f489727d2df9a8813fddc4e0d682fbbee,0,2,0,2,36,0,0,12,260,309.54
1306,cce71dceef9e82d31fe8ec59648b2a4a50c8869a,0,2,0,0,81,6,0,54,1227,656.44
1307,6eef3d7f1a1e5e3f27fb3bf7596663640d786181,0,3,0,0,75,3,0,30,865,449.83
1308,56feaa40bb94fcaa96ae668eebfabec4611928c0,0,2,0,0,0,0,0,0,294,214.53
1309,5a725bb886eb0b9182840c4a91466c361ecc11e0,1,1,0,0,40,0,0,44,746,429.91
1310,e99a1e77671fa0e74a652bc2221bbe01d1a579d3,0,1,0,0,2,0,0,0,161,143.51
1311,edb202e4934be750e43103c047752b97c5eafc94,0,3,0,0,9,0,0,0,481,275.54
1312,8cdb032aff4237d8d3970057d82290e4e32c4040,0,1,0,1,8,0,0,18,129,242.73
1313,7ce997af97e165e963eb44cd520f16a1f808d9a5,0,1,0,0,1,0,0,0,19,167.74
1314,598380ad5a1dbcd8168dad45a84beceb90a91d0c,0,1,0,1,1,0,0,0,63,157.91
1315,1aad99a71813660b83628cacfed393d0b3a123cc,0,1,0,0,0,0,0,2,53,112.15
1316,13a21f66078c91df97088b01f49a5919895f7110,0,3,0,0,86,24,0,2,21,217.02
1317,9886c27c71147a2bcef87b42ff21c2bbe98c8ab4,0,2,0,0,107,0,0,22,296,207.5
1318,c991e2ca5a65eae62bad7e5baf81f1eb633b7ec0,0,1,0,0,90,7,0,29,303,274.58
1319,ed302f1fed6d124d682486d24dae958946dba9be,4,7,0,1,30,5,0,4,541,758.81
1320,7f2ea2ac46596883fb8f110f754a0eadeb69205e,0,2,0,0,196,44,0,15,966,2706.94
